xtal,ligand_name,compound_code
A71EV2A-x3938,LIG,ASAP-0034439-001
A71EV2A-x3940,LIG,ASAP-0034412-001
A71EV2A-x3990,LIG,ASAP-0034420-001
A71EV2A-x4028,LIG,ASAP-0032665-001
A71EV2A-x4032,LIG,ASAP-0032482-001
A71EV2A-x4035,LIG,ASAP-0032437-001
A71EV2A-x4202,LIG,ASAP-0034411-001
A71EV2A-x4291,LIG,ASAP-0035364-001
A71EV2A-x4292,LIG,ASAP-0035281-001
A71EV2A-x4304,LIG,ASAP-0035274-001
A71EV2A-x4306,LIG,ASAP-0035279-001
A71EV2A-x4309,LIG,ASAP-0035369-001
A71EV2A-x4319,LIG,ASAP-0035366-001
A71EV2A-x4321,LIG,ASAP-0035368-001
A71EV2A-x4324,LIG,ASAP-0035387-001
A71EV2A-x4331,LIG,ASAP-0035378-001
A71EV2A-x4333,LIG,ASAP-0035302-001
A71EV2A-x4334,LIG,ASAP-0035316-001
A71EV2A-x4336,LIG,ASAP-0035275-001
A71EV2A-x4347,LIG,ASAP-0035376-001
A71EV2A-x4365,LIG,ASAP-0035370-001
A71EV2A-x4372,LIG,ASAP-0035287-001
A71EV2A-x4381,LIG,ASAP-0035293-001
A71EV2A-x4203,LIG,ASAP-0032793-001
A71EV2A-x4207,LIG,ASAP-0032772-001
A71EV2A-x4237,LIG,ASAP-0034497-001
A71EV2A-x4260,LIG,ASAP-0034462-001
