xtal,ligand_name,compound_code
A71EV2A-x0450,LIG,Z100642432
A71EV2A-x0451,LIG,Z100643660
A71EV2A-x0469,LIG,Z104924088
A71EV2A-x0473,LIG,Z1082839290
A71EV2A-x0486,LIG,Z1148165337
A71EV2A-x0487,LIG,Z1148747945
A71EV2A-x0488,LIG,Z1154747269
A71EV2A-x0497,LIG,Z1198158918
A71EV2A-x0501,LIG,Z1198177230
A71EV2A-x0514,LIG,Z1201620232
A71EV2A-x0515,LIG,Z1201621547
A71EV2A-x0517,LIG,Z1203107138
A71EV2A-x0525,LIG,Z1216861874
A71EV2A-x0526,LIG,Z1217131798
A71EV2A-x0528,LIG,Z1217960891
A71EV2A-x0540,LIG,Z124039706
A71EV2A-x0541,LIG,Z1246465616
A71EV2A-x0554,LIG,Z1255459547
A71EV2A-x0556,LIG,Z1259207775
A71EV2A-x0566,LIG,Z1267800292
A71EV2A-x0571,LIG,Z1270393711
A71EV2A-x0586,LIG,Z1333043510
A71EV2A-x0269,LIG,Z1456069604
A71EV2A-x0278,LIG,Z1491353358
A71EV2A-x0305,LIG,Z1639162606
A71EV2A-x0309,LIG,Z1685106505
A71EV2A-x0310,LIG,Z1688504114
A71EV2A-x0608,LIG,Z2064898339
A71EV2A-x0691,LIG,Z285782452
A71EV2A-x0152,LIG,Z31602870
A71EV2A-x0188,LIG,Z355202286
A71EV2A-x0194,LIG,Z3664805965
A71EV2A-x0202,LIG,Z3765495818
A71EV2A-x0207,LIG,Z384361454
A71EV2A-x0228,LIG,Z425757818
A71EV2A-x0229,LIG,Z426041412
A71EV2A-x0237,LIG,Z437516460
A71EV2A-x0239,LIG,Z438067480
A71EV2A-x0332,LIG,Z45527714
A71EV2A-x0333,LIG,Z45617795
A71EV2A-x0341,LIG,Z50145861
A71EV2A-x0351,LIG,Z53860899
A71EV2A-x0354,LIG,Z54615640
A71EV2A-x0359,LIG,Z54750053
A71EV2A-x0365,LIG,Z558511008
A71EV2A-x0375,LIG,Z56921372
A71EV2A-x0379,LIG,Z56960214
A71EV2A-x0387,LIG,Z57260516
A71EV2A-x0395,LIG,Z57472297
A71EV2A-x0396,LIG,Z57478994
A71EV2A-x0412,LIG,Z68639747
A71EV2A-x0416,LIG,Z71580604
A71EV2A-x0428,LIG,Z751811134
A71EV2A-x0432,LIG,Z760031264
A71EV2A-x0437,LIG,Z802821712
A71EV2A-x0443,LIG,Z82176792
A71EV2A-x0446,LIG,Z851110644
A71EV2A-x0717,LIG,Z94597856
A71EV2A-x0719,LIG,Z954606858
A71EV2A-x0732,LIG,Z99601600
A71EV2A-x0739,LIG,Z17497990
A71EV2A-x0812,LIG,Z1618027593
A71EV2A-x0831,LIG,Z239127534
A71EV2A-x0836,LIG,Z2574937229
A71EV2A-x0853,LIG,Z32367954
A71EV2A-x0863,LIG,Z55993012
A71EV2A-x0875,LIG,Z53825020
A71EV2A-x0884,LIG,Z198195770
A71EV2A-x0900,LIG,Z760031264
A71EV2A-x0911,LIG,Z1457921102
A71EV2A-x0922,LIG,Z19733482
A71EV2A-x0926,LIG,Z32279730
A71EV2A-x1019,LIG,NCL-00024665
A71EV2A-x1080,LIG,Z59181971
A71EV2A-x1081,LIG,Z1741976468
A71EV2A-x1084,LIG,Z1415893881
A71EV2A-x1105,LIG,Z276142580
A71EV2A-x1109,LIG,Z315923746
A71EV2A-x1128,LIG,Z57663553
A71EV2A-x1140,LIG,Z56042334
A71EV2A-x1145,LIG,Z969111002
A71EV2A-x1146,LIG,Z362043378
A71EV2A-x1148,LIG,Z1213725191
A71EV2A-x1169,LIG,Z1143441220
A71EV2A-x1180,LIG,Z1198183601
A71EV2A-x1209,LIG,Z1203730981
A71EV2A-x1255,LIG,NCL-00024387
A71EV2A-x1292,LIG,Z57473948
A71EV2A-x1293,LIG,Z362020366
A71EV2A-x1346,LIG,ASAP-0016618-001
A71EV2A-x1445,LIG,ASAP-0016733-001
A71EV2A-x1775,LIG,ASAP-0024999-003
A71EV2A-x1776,LIG,ASAP-0025003-002
A71EV2A-x1778,LIG,ASAP-0025240-002
A71EV2A-x1779,LIG,ASAP-0025094-002
A71EV2A-x2290,LIG,ASAP-0030340-001
A71EV2A-x2293,LIG,ASAP-0030249-001
A71EV2A-x2304,LIG,ASAP-0030304-001
A71EV2A-x2339,LIG,ASAP-0030497-001
A71EV2A-x2351,LIG,ASAP-0030611-001
A71EV2A-x2448,LIG,ASAP-0018764-002
A71EV2A-x2454,LIG,ASAP-0019110-002
A71EV2A-x2458,LIG,ASAP-0018402-002
A71EV2A-x2513,LIG,ASAP-0030968-001
A71EV2A-x2629,LIG,ASAP-0030531-001
A71EV2A-x2846,LIG,ASAP-0031281-001
A71EV2A-x2972,LIG,ASAP-0031631-001
A71EV2A-x3054,LIG,ASAP-0031501-001
A71EV2A-x3066,LIG,ASAP-0018935-002
A71EV2A-x3175,LIG,ASAP-0031591-001
A71EV2A-x3176,LIG,ASAP-0031604-001
A71EV2A-x3177,LIG,ASAP-0031536-001
A71EV2A-x3178,LIG,ASAP-0031668-001
A71EV2A-x3181,LIG,ASAP-0031733-001
A71EV2A-x3186,LIG,ASAP-0031746-001
A71EV2A-x3188,LIG,ASAP-0031853-001
A71EV2A-x3189,LIG,ASAP-0031853-001
A71EV2A-x3191,LIG,ASAP-0031848-001
A71EV2A-x3193,LIG,ASAP-0031754-001
A71EV2A-x3194,LIG,ASAP-0031813-001
A71EV2A-x3201,LIG,ASAP-0031772-001
A71EV2A-x3207,LIG,ASAP-0031919-001
A71EV2A-x3208,LIG,ASAP-0031936-001
A71EV2A-x3210,LIG,ASAP-0031959-001
A71EV2A-x3218,LIG,ASAP-0031953-001
A71EV2A-x3221,LIG,ASAP-0031958-001
A71EV2A-x3222,LIG,ASAP-0031943-001
A71EV2A-x3223,LIG,ASAP-0031972-001
A71EV2A-x3225,LIG,ASAP-0031970-001
A71EV2A-x3229,LIG,ASAP-0031947-001
A71EV2A-x3234,LIG,ASAP-0032043-001
A71EV2A-x3264,LIG,ASAP-0032050-001
A71EV2A-x3279,LIG,ASAP-0032059-001
A71EV2A-x3280,LIG,ASAP-0032058-001
A71EV2A-x3286,LIG,ASAP-0032009-001
A71EV2A-x3305,LIG,ASAP-0032103-001
A71EV2A-x3306,LIG,ASAP-0032003-001
A71EV2A-x3324,LIG,ASAP-0032125-001
A71EV2A-x3579,LIG,ASAP-0032526-001
A71EV2A-x3581,LIG,ASAP-0032461-001
A71EV2A-x3585,LIG,ASAP-0032438-001
A71EV2A-x3587,LIG,ASAP-0032437-001
A71EV2A-x3371,LIG,ASAP-0032051-001
A71EV2A-x3379,LIG,ASAP-0032067-001
A71EV2A-x3392,LIG,ASAP-0032113-001
A71EV2A-x3403,LIG,ASAP-0032079-001
A71EV2A-x3408,LIG,ASAP-0032235-001
A71EV2A-x3410,LIG,ASAP-0032204-001
A71EV2A-x3417,LIG,ASAP-0032203-001
A71EV2A-x3419,LIG,ASAP-0032226-001
A71EV2A-x3435,LIG,ASAP-0032228-001
A71EV2A-x3436,LIG,ASAP-0032179-001
A71EV2A-x3450,LIG,ASAP-0032225-001
A71EV2A-x3480,LIG,ASAP-0032363-001
A71EV2A-x3483,LIG,ASAP-0032369-001
A71EV2A-x3485,LIG,ASAP-0032359-001
A71EV2A-x3488,LIG,ASAP-0032330-001
A71EV2A-x3489,LIG,ASAP-0032371-001
A71EV2A-x3509,LIG,ASAP-0032365-001
A71EV2A-x3510,LIG,ASAP-0032380-001
A71EV2A-x3593,LIG,ASAP-0032067-002
A71EV2A-x3606,LIG,ASAP-0032503-001
A71EV2A-x3612,LIG,ASAP-0032455-001
A71EV2A-x3616,LIG,ASAP-0032527-001
A71EV2A-x3618,LIG,ASAP-0032428-001
A71EV2A-x3634,LIG,ASAP-0032512-001
A71EV2A-x3663,LIG,ASAP-0032409-001
A71EV2A-x3665,LIG,ASAP-0032514-001
A71EV2A-x3685,LIG,ASAP-0032450-001
A71EV2A-x3694,LIG,ASAP-0032482-001
A71EV2A-x3522,LIG,ASAP-0032660-001
A71EV2A-x3546,LIG,ASAP-0032626-001
A71EV2A-x3548,LIG,ASAP-0032594-001
A71EV2A-x3550,LIG,ASAP-0032637-001
A71EV2A-x3556,LIG,ASAP-0032647-001
A71EV2A-x3557,LIG,ASAP-0032685-001
A71EV2A-x3564,LIG,ASAP-0032584-001
A71EV2A-x3568,LIG,ASAP-0032666-001
A71EV2A-x3575,LIG,ASAP-0032627-001
A71EV2A-x3849,LIG,ASAP-0032726-001
A71EV2A-x3858,LIG,ASAP-0032724-001
A71EV2A-x3867,LIG,ASAP-0032759-001
A71EV2A-x3868,LIG,ASAP-0032757-001
A71EV2A-x3869,LIG,ASAP-0032726-001
A71EV2A-x3883,LIG,ASAP-0032816-001
A71EV2A-x3884,LIG,ASAP-0032823-001
A71EV2A-x3890,LIG,ASAP-0032794-001
A71EV2A-x3895,LIG,ASAP-0032721-001
A71EV2A-x3901,LIG,ASAP-0032798-001
A71EV2A-x3914,LIG,ASAP-0032784-001
A71EV2A-x3936,LIG,ASAP-0034437-001
A71EV2A-x3956,LIG,ASAP-0034398-001
A71EV2A-x3963,LIG,ASAP-0034475-001
A71EV2A-x3977,LIG,ASAP-0034401-001
A71EV2A-x3982,LIG,ASAP-0034397-001
A71EV2A-x3989,LIG,ASAP-0034446-001
A71EV2A-x3992,LIG,ASAP-0034386-001
A71EV2A-x4012,LIG,ASAP-0032393-001
A71EV2A-x4017,LIG,ASAP-0032691-001
A71EV2A-x4018,LIG,ASAP-0032634-001
A71EV2A-x4020,LIG,ASAP-0032593-001
A71EV2A-x4029,LIG,ASAP-0032526-001
A71EV2A-x4031,LIG,ASAP-0032550-001
A71EV2A-x4290,LIG,ASAP-0035411-001
A71EV2A-x4298,LIG,ASAP-0035413-001
A71EV2A-x4305,LIG,ASAP-0035414-001
A71EV2A-x4312,LIG,ASAP-0035288-001
A71EV2A-x4315,LIG,ASAP-0035340-001
A71EV2A-x4317,LIG,ASAP-0035363-001
A71EV2A-x4274,LIG,ASAP-0032642-001
A71EV2A-x4283,LIG,ASAP-0032613-001
A71EV2A-x4386,LIG,ASAP-0035410-001
