Code,Long code,Experiment code,Compound code,Smiles,Centroid res,Downloaded,ConformerSites upload name,CanonSites upload name,CrystalformSites upload name,Quatassemblies upload name,Crystalforms upload name,ConformerSites short tag,CanonSites short tag,CrystalformSites short tag,Quatassemblies short tag,Crystalforms short tag,ConformerSites alias,CanonSites alias,CrystalformSites alias,Quatassemblies alias,Crystalforms alias,Pose,[Other] New,[Other] Fragment,[Other] Covalent,[Other] P3 compound design,[Other] P2 Wave 1,[Other] S1 site,[Other] S1' site,[Other] S2 site,[Other] S3 site,[Other] S4 site,[Other] S5 site,[Series] Indazole series,[Series] Piperidine series,[Other] Bogyo covalents
A0237a,A71EV2A-x0237_A_151_v1,A71EV2A-x0237,Z437516460,Cc1ccc(CNC(=O)C2CCC2)cn1,A71EV2A-x0526/A/133/A_v1,True,1a - A71EV2A-x0526/A/147,1 - A71EV2A-x0526/A/147/1,F3c - A71EV2A-x0487/A/250/1,A1 - monomer,F3 - A71/2A/open/long/cell,1a - A0526/A/147,1 - A0526/A/147/1,F3c - A0487/A/250,A1 - monomer,F3 - A71/2A/open/long/cell,1a - A0526/A/147,1 - Active Site,F3c - A0487/A/250,A1 - monomer,F3 - A71/2A/open/long/cell,A0237a,True,True,False,False,False,False,False,False,False,False,False,False,False,False
A0239a,A71EV2A-x0239_A_147_v1,A71EV2A-x0239,Z438067480,CCC(=O)NCc1nnc2n1CCCC2,A71EV2A-x0486/A/143/A_v1,True,6a - A71EV2A-x0486/A/147,6 - A71EV2A-x0486/A/147/1,F1t - A71EV2A-x0486/A/147/1,A1 - monomer,F1 - A71/2A/open,6a - A0486/A/147,6 - A0486/A/147/1,F1t - A0486/A/147,A1 - monomer,F1 - A71/2A/open,6a - A0486/A/147,6 - Trp142,F1t - A0486/A/147,A1 - monomer,F1 - A71/2A/open,A0239a,True,False,False,False,False,False,False,False,False,False,False,False,False,False
A0332a,A71EV2A-x0332_A_147_v1,A71EV2A-x0332,Z45527714,CNS(=O)(=O)c1ccccc1Cl,A71EV2A-x0541/A/97/A_v1,True,3a - A71EV2A-x0541/A/147,3 - A71EV2A-x0541/A/147/1,F1o - A71EV2A-x0541/A/147/1,A1 - monomer,F1 - A71/2A/open,3a - A0541/A/147,3 - A0541/A/147/1,F1o - A0541/A/147,A1 - monomer,F1 - A71/2A/open,3a - A0541/A/147,3 - His97,F1o - A0541/A/147,A1 - monomer,F1 - A71/2A/open,A0332a,True,False,False,False,False,False,False,False,False,False,False,False,False,False
A0333a,A71EV2A-x0333_A_201_v1,A71EV2A-x0333,Z45617795,CS(=O)(=O)NCCc1ccccc1,A71EV2A-x3181/A/20/A_v1,True,4a - A71EV2A-x3181/A/202,4 - A71EV2A-x3181/A/202/1,F2q - A71EV2A-x0528/A/201/1,A1 - monomer,F2 - A71/2A/open/small/cell,4a - A3181/A/202,4 - A3181/A/202/1,F2q - A0528/A/201,A1 - monomer,F2 - A71/2A/open/small/cell,4a - A3181/A/202,4 - His25,F2q - A0528/A/201,A1 - monomer,F2 - A71/2A/open/small/cell,A0333a,True,False,False,False,False,False,False,False,False,False,False,False,False,False
A0341a,A71EV2A-x0341_A_147_v1,A71EV2A-x0341,Z50145861,CC1=NN(c2ccccc2)C(=O)C1,A71EV2A-x0395/A/63/A_v1,True,2a - A71EV2A-x0395/A/148,2 - A71EV2A-x0395/A/148/1,F1k - A71EV2A-x0395/A/147/1,A1 - monomer,F1 - A71/2A/open,2a - A0395/A/148,2 - A0395/A/148/1,F1k - A0395/A/147,A1 - monomer,F1 - A71/2A/open,2a - A0395/A/148,2 - A0395/A/148/1,F1k - A0395/A/147,A1 - monomer,F1 - A71/2A/open,A0341a,True,False,False,False,False,False,False,False,False,False,False,False,False,False
A0351b,A71EV2A-x0351_A_302_v1,A71EV2A-x0351,Z53860899,CCS(=O)(=O)NCc1ccc2c(c1)OCO2,A71EV2A-x3181/A/20/A_v1,True,4a - A71EV2A-x3181/A/202,4 - A71EV2A-x3181/A/202/1,F2q - A71EV2A-x0528/A/201/1,A1 - monomer,F2 - A71/2A/open/small/cell,4a - A3181/A/202,4 - A3181/A/202/1,F2q - A0528/A/201,A1 - monomer,F2 - A71/2A/open/small/cell,4a - A3181/A/202,4 - His25,F2q - A0528/A/201,A1 - monomer,F2 - A71/2A/open/small/cell,A0351b,True,False,False,False,False,False,False,False,False,False,False,False,False,False
A0351a,A71EV2A-x0351_A_301_v1,A71EV2A-x0351,Z53860899,CCS(=O)(=O)NCc1ccc2c(c1)OCO2,A71EV2A-x0526/A/133/A_v1,True,1a - A71EV2A-x0526/A/147,1 - A71EV2A-x0526/A/147/1,F2b - A71EV2A-x0450/A/201/1,A1 - monomer,F2 - A71/2A/open/small/cell,1a - A0526/A/147,1 - A0526/A/147/1,F2b - A0450/A/201,A1 - monomer,F2 - A71/2A/open/small/cell,1a - A0526/A/147,1 - Active Site,F2b - A0450/A/201,A1 - monomer,F2 - A71/2A/open/small/cell,A0351a,True,True,False,False,False,False,False,False,False,False,False,False,False,False
A0351c,A71EV2A-x0351_A_201_v1,A71EV2A-x0351,Z53860899,CCS(=O)(=O)NCc1ccc2c(c1)OCO2,A71EV2A-x0432/A/61/A_v1,True,8a - A71EV2A-x0432/A/147,8 - A71EV2A-x0432/A/147/1,F2v - A71EV2A-x0351/A/201/1,A1 - monomer,F2 - A71/2A/open/small/cell,8a - A0432/A/147,8 - A0432/A/147/1,F2v - A0351/A/201,A1 - monomer,F2 - A71/2A/open/small/cell,8a - A0432/A/147,8 - Pro73,F2v - A0351/A/201,A1 - monomer,F2 - A71/2A/open/small/cell,A0351c,True,False,False,False,False,False,False,False,False,False,False,False,False,False
A0354a,A71EV2A-x0354_A_147_v1,A71EV2A-x0354,Z54615640,C[C@]1(NC(=O)C2CC2)CCS(=O)(=O)C1,A71EV2A-x0541/A/97/A_v1,True,3a - A71EV2A-x0541/A/147,3 - A71EV2A-x0541/A/147/1,F1o - A71EV2A-x0541/A/147/1,A1 - monomer,F1 - A71/2A/open,3a - A0541/A/147,3 - A0541/A/147/1,F1o - A0541/A/147,A1 - monomer,F1 - A71/2A/open,3a - A0541/A/147,3 - His97,F1o - A0541/A/147,A1 - monomer,F1 - A71/2A/open,A0354a,True,False,False,False,False,False,False,False,False,False,False,False,False,False
A0359a,A71EV2A-x0359_A_147_v1,A71EV2A-x0359,Z54750053,CN(C)Cc1ccc(C#N)cc1,A71EV2A-x0525/A/90/A_v1,True,5a - A71EV2A-x0359/A/147,5 - A71EV2A-x0525/A/246/1,F1s - A71EV2A-x0525/A/246/1,A1 - monomer,F1 - A71/2A/open,5a - A0359/A/147,5 - A0525/A/246/1,F1s - A0525/A/246,A1 - monomer,F1 - A71/2A/open,5a - A0359/A/147,5 - Active site exterior,F1s - A0525/A/246,A1 - monomer,F1 - A71/2A/open,A0359a,True,False,False,False,False,False,False,False,False,False,False,False,False,False
A0365a,A71EV2A-x0365_A_201_v1,A71EV2A-x0365,Z558511008,Cn1ccc(NCc2ccccc2)n1,A71EV2A-x0526/A/133/A_v1,True,1a - A71EV2A-x0526/A/147,1 - A71EV2A-x0526/A/147/1,F2b - A71EV2A-x0450/A/201/1,A1 - monomer,F2 - A71/2A/open/small/cell,1a - A0526/A/147,1 - A0526/A/147/1,F2b - A0450/A/201,A1 - monomer,F2 - A71/2A/open/small/cell,1a - A0526/A/147,1 - Active Site,F2b - A0450/A/201,A1 - monomer,F2 - A71/2A/open/small/cell,A0365a,True,True,False,False,False,False,False,False,False,False,False,False,False,False
A0375a,A71EV2A-x0375_A_201_v1,A71EV2A-x0375,Z56921372,COc1ccccc1NC(N)=S,A71EV2A-x0526/A/133/A_v1,True,1a - A71EV2A-x0526/A/147,1 - A71EV2A-x0526/A/147/1,F1a - A71EV2A-x0375/A/201/1,A1 - monomer,F1 - A71/2A/open,1a - A0526/A/147,1 - A0526/A/147/1,F1a - A0375/A/201,A1 - monomer,F1 - A71/2A/open,1a - A0526/A/147,1 - Active Site,F1a - A0375/A/201,A1 - monomer,F1 - A71/2A/open,A0375a,True,True,False,False,False,False,False,False,False,False,False,False,False,False
A0375b,A71EV2A-x0375_A_301_v1,A71EV2A-x0375,Z56921372,COc1ccccc1NC(N)=S,A71EV2A-x0526/A/133/A_v1,True,1a - A71EV2A-x0526/A/147,1 - A71EV2A-x0526/A/147/1,F1g - A71EV2A-x0853/A/147/1,A1 - monomer,F1 - A71/2A/open,1a - A0526/A/147,1 - A0526/A/147/1,F1g - A0853/A/147,A1 - monomer,F1 - A71/2A/open,1a - A0526/A/147,1 - Active Site,F1g - A0853/A/147,A1 - monomer,F1 - A71/2A/open,A0375a,True,True,False,False,False,True,True,False,False,False,False,False,False,False
A0375c,A71EV2A-x0375_A_147_v1,A71EV2A-x0375,Z56921372,COc1ccccc1NC(N)=S,A71EV2A-x0395/A/63/A_v1,True,2a - A71EV2A-x0395/A/148,2 - A71EV2A-x0395/A/148/1,F1k - A71EV2A-x0395/A/147/1,A1 - monomer,F1 - A71/2A/open,2a - A0395/A/148,2 - A0395/A/148/1,F1k - A0395/A/147,A1 - monomer,F1 - A71/2A/open,2a - A0395/A/148,2 - A0395/A/148/1,F1k - A0395/A/147,A1 - monomer,F1 - A71/2A/open,A0375c,True,False,False,False,False,False,False,False,False,False,False,False,False,False
A0379a,A71EV2A-x0379_A_147_v1,A71EV2A-x0379,Z56960214,CNCc1ccc(C(F)(F)F)cc1,A71EV2A-x0379/A/38/A_v1,True,11a - A71EV2A-x0379/A/147,11 - A71EV2A-x0379/A/147/1,F1y - A71EV2A-x0379/A/147/1,A1 - monomer,F1 - A71/2A/open,11a - A0379/A/147,11 - A0379/A/147/1,F1y - A0379/A/147,A1 - monomer,F1 - A71/2A/open,11a - A0379/A/147,11 - crystal interface,F1y - A0379/A/147,A1 - monomer,F1 - A71/2A/open,A0379a,True,False,False,False,False,False,False,False,False,False,False,False,False,False
A0387a,A71EV2A-x0387_A_151_v1,A71EV2A-x0387,Z57260516,COCC(=O)Nc1c(C)cc(C)cc1C,A71EV2A-x0526/A/133/A_v1,True,1a - A71EV2A-x0526/A/147,1 - A71EV2A-x0526/A/147/1,F3c - A71EV2A-x0487/A/250/1,A1 - monomer,F3 - A71/2A/open/long/cell,1a - A0526/A/147,1 - A0526/A/147/1,F3c - A0487/A/250,A1 - monomer,F3 - A71/2A/open/long/cell,1a - A0526/A/147,1 - Active Site,F3c - A0487/A/250,A1 - monomer,F3 - A71/2A/open/long/cell,A0387a,True,True,False,False,False,False,False,False,False,False,False,False,False,False
A0395a,A71EV2A-x0395_A_147_v1,A71EV2A-x0395,Z57472297,CC(CO)(CO)NC(=O)Nc1ccccc1,A71EV2A-x0395/A/63/A_v1,True,2a - A71EV2A-x0395/A/148,2 - A71EV2A-x0395/A/148/1,F1k - A71EV2A-x0395/A/147/1,A1 - monomer,F1 - A71/2A/open,2a - A0395/A/148,2 - A0395/A/148/1,F1k - A0395/A/147,A1 - monomer,F1 - A71/2A/open,2a - A0395/A/148,2 - A0395/A/148/1,F1k - A0395/A/147,A1 - monomer,F1 - A71/2A/open,A0395a,True,False,False,False,False,False,False,False,False,False,False,False,False,False
A0395b,A71EV2A-x0395_A_148_v1,A71EV2A-x0395,Z57472297,CC(CO)(CO)NC(=O)Nc1ccccc1,A71EV2A-x0395/A/63/A_v1,True,2a - A71EV2A-x0395/A/148,2 - A71EV2A-x0395/A/148/1,F1k - A71EV2A-x0395/A/147/1,A1 - monomer,F1 - A71/2A/open,2a - A0395/A/148,2 - A0395/A/148/1,F1k - A0395/A/147,A1 - monomer,F1 - A71/2A/open,2a - A0395/A/148,2 - A0395/A/148/1,F1k - A0395/A/147,A1 - monomer,F1 - A71/2A/open,A0395a,True,False,False,False,False,False,False,False,False,False,False,False,False,False
A0396a,A71EV2A-x0396_A_147_v1,A71EV2A-x0396,Z57478994,COCc1nnc(N)s1,A71EV2A-x0396/A/31/A_v1,True,12a - A71EV2A-x0396/A/147,12 - A71EV2A-x0396/A/147/1,F1z - A71EV2A-x0396/A/147/1,A1 - monomer,F1 - A71/2A/open,12a - A0396/A/147,12 - A0396/A/147/1,F1z - A0396/A/147,A1 - monomer,F1 - A71/2A/open,12a - A0396/A/147,12 - solvent exposed,F1z - A0396/A/147,A1 - monomer,F1 - A71/2A/open,A0396a,True,False,False,False,False,False,False,False,False,False,False,False,False,False
A0412a,A71EV2A-x0412_A_147_v1,A71EV2A-x0412,Z68639747,CCn1c(NC(C)=O)nc2ccccc21,A71EV2A-x0412/A/119/A_v1,True,13a - A71EV2A-x0412/A/147,13 - A71EV2A-x0412/A/147/1,F1aa - A71EV2A-x0412/A/147/1,A1 - monomer,F1 - A71/2A/open,13a - A0412/A/147,13 - A0412/A/147/1,F1aa - A0412/A/147,A1 - monomer,F1 - A71/2A/open,13a - A0412/A/147,13 - Crystal interface,F1aa - A0412/A/147,A1 - monomer,F1 - A71/2A/open,A0412a,True,False,False,False,False,False,False,False,False,False,False,False,False,False
A0416a,A71EV2A-x0416_A_147_v1,A71EV2A-x0416,Z71580604,Cc1ccc(NC(=O)[C@@H]2CCCO2)nc1,A71EV2A-x0526/A/133/A_v1,True,1a - A71EV2A-x0526/A/147,1 - A71EV2A-x0526/A/147/1,F1g - A71EV2A-x0853/A/147/1,A1 - monomer,F1 - A71/2A/open,1a - A0526/A/147,1 - A0526/A/147/1,F1g - A0853/A/147,A1 - monomer,F1 - A71/2A/open,1a - A0526/A/147,1 - Active Site,F1g - A0853/A/147,A1 - monomer,F1 - A71/2A/open,A0416a,True,True,False,False,False,False,False,False,False,False,False,False,False,False
A0428a,A71EV2A-x0428_A_147_v1,A71EV2A-x0428,Z751811134,CN(C)S(=O)(=O)c1cccnc1,A71EV2A-x0541/A/97/A_v1,True,3a - A71EV2A-x0541/A/147,3 - A71EV2A-x0541/A/147/1,F1o - A71EV2A-x0541/A/147/1,A1 - monomer,F1 - A71/2A/open,3a - A0541/A/147,3 - A0541/A/147/1,F1o - A0541/A/147,A1 - monomer,F1 - A71/2A/open,3a - A0541/A/147,3 - His97,F1o - A0541/A/147,A1 - monomer,F1 - A71/2A/open,A0428a,True,False,False,False,False,False,False,False,False,False,False,False,False,False
A0432a,A71EV2A-x0432_A_147_v1,A71EV2A-x0432,Z760031264,Nc1ccc(-c2ncno2)cc1,A71EV2A-x0432/A/61/A_v1,True,8a - A71EV2A-x0432/A/147,8 - A71EV2A-x0432/A/147/1,F2v - A71EV2A-x0351/A/201/1,A1 - monomer,F2 - A71/2A/open/small/cell,8a - A0432/A/147,8 - A0432/A/147/1,F2v - A0351/A/201,A1 - monomer,F2 - A71/2A/open/small/cell,8a - A0432/A/147,8 - Pro73,F2v - A0351/A/201,A1 - monomer,F2 - A71/2A/open/small/cell,A0432a,True,False,False,False,False,False,False,False,False,False,False,False,False,False
A0437a,A71EV2A-x0437_A_250_v1,A71EV2A-x0437,Z802821712,CCNc1ccc(C)nn1,A71EV2A-x0526/A/133/A_v1,True,1a - A71EV2A-x0526/A/147,1 - A71EV2A-x0526/A/147/1,F3c - A71EV2A-x0487/A/250/1,A1 - monomer,F3 - A71/2A/open/long/cell,1a - A0526/A/147,1 - A0526/A/147/1,F3c - A0487/A/250,A1 - monomer,F3 - A71/2A/open/long/cell,1a - A0526/A/147,1 - Active Site,F3c - A0487/A/250,A1 - monomer,F3 - A71/2A/open/long/cell,A0437a,True,True,False,False,False,False,False,False,False,False,False,False,False,False
A0443a,A71EV2A-x0443_A_250_v1,A71EV2A-x0443,Z82176792,Cc1cn2ccccc2n1,A71EV2A-x0526/A/133/A_v1,True,1a - A71EV2A-x0526/A/147,1 - A71EV2A-x0526/A/147/1,F3c - A71EV2A-x0487/A/250/1,A1 - monomer,F3 - A71/2A/open/long/cell,1a - A0526/A/147,1 - A0526/A/147/1,F3c - A0487/A/250,A1 - monomer,F3 - A71/2A/open/long/cell,1a - A0526/A/147,1 - Active Site,F3c - A0487/A/250,A1 - monomer,F3 - A71/2A/open/long/cell,A0443a,True,True,False,False,False,False,False,False,False,False,False,False,False,False
A0446a,A71EV2A-x0446_A_147_v1,A71EV2A-x0446,Z851110644,CNC(=O)c1cnc(C)s1,A71EV2A-x0526/A/133/A_v1,True,1a - A71EV2A-x0526/A/147,1 - A71EV2A-x0526/A/147/1,F1g - A71EV2A-x0853/A/147/1,A1 - monomer,F1 - A71/2A/open,1a - A0526/A/147,1 - A0526/A/147/1,F1g - A0853/A/147,A1 - monomer,F1 - A71/2A/open,1a - A0526/A/147,1 - Active Site,F1g - A0853/A/147,A1 - monomer,F1 - A71/2A/open,A0446a,True,True,False,False,False,False,False,False,False,False,False,False,False,False
A0717a,A71EV2A-x0717_A_147_v1,A71EV2A-x0717,Z94597856,Cc1n[nH]c(C)c1S(=O)(=O)N(C)C,A71EV2A-x0541/A/97/A_v1,True,3a - A71EV2A-x0541/A/147,3 - A71EV2A-x0541/A/147/1,F1o - A71EV2A-x0541/A/147/1,A1 - monomer,F1 - A71/2A/open,3a - A0541/A/147,3 - A0541/A/147/1,F1o - A0541/A/147,A1 - monomer,F1 - A71/2A/open,3a - A0541/A/147,3 - His97,F1o - A0541/A/147,A1 - monomer,F1 - A71/2A/open,A0717a,True,False,False,False,False,False,False,False,False,False,False,False,False,False
A0719b,A71EV2A-x0719_A_201_v1,A71EV2A-x0719,Z954606858,C[C@H](CS(N)(=O)=O)c1ccccc1,A71EV2A-x3181/A/20/A_v1,True,4a - A71EV2A-x3181/A/202,4 - A71EV2A-x3181/A/202/1,F2q - A71EV2A-x0528/A/201/1,A1 - monomer,F2 - A71/2A/open/small/cell,4a - A3181/A/202,4 - A3181/A/202/1,F2q - A0528/A/201,A1 - monomer,F2 - A71/2A/open/small/cell,4a - A3181/A/202,4 - His25,F2q - A0528/A/201,A1 - monomer,F2 - A71/2A/open/small/cell,A0719b,True,False,False,False,False,False,False,False,False,False,False,False,False,False
A0719a,A71EV2A-x0719_A_301_v1,A71EV2A-x0719,Z954606858,C[C@H](CS(N)(=O)=O)c1ccccc1,A71EV2A-x0526/A/133/A_v1,True,1a - A71EV2A-x0526/A/147,1 - A71EV2A-x0526/A/147/1,F2b - A71EV2A-x0450/A/201/1,A1 - monomer,F2 - A71/2A/open/small/cell,1a - A0526/A/147,1 - A0526/A/147/1,F2b - A0450/A/201,A1 - monomer,F2 - A71/2A/open/small/cell,1a - A0526/A/147,1 - Active Site,F2b - A0450/A/201,A1 - monomer,F2 - A71/2A/open/small/cell,A0719a,True,True,False,False,False,False,False,False,True,False,False,False,False,False
A0450a,A71EV2A-x0450_A_201_v1,A71EV2A-x0450,Z100642432,CN(C)C(=O)c1ccc(F)cc1Br,A71EV2A-x0526/A/133/A_v1,True,1a - A71EV2A-x0526/A/147,1 - A71EV2A-x0526/A/147/1,F2b - A71EV2A-x0450/A/201/1,A1 - monomer,F2 - A71/2A/open/small/cell,1a - A0526/A/147,1 - A0526/A/147/1,F2b - A0450/A/201,A1 - monomer,F2 - A71/2A/open/small/cell,1a - A0526/A/147,1 - Active Site,F2b - A0450/A/201,A1 - monomer,F2 - A71/2A/open/small/cell,A0450a,True,True,False,False,False,False,False,False,False,False,False,False,False,False
A0451a,A71EV2A-x0451_A_201_v1,A71EV2A-x0451,Z100643660,CNC(=O)c1cn(C)c2ccccc12,A71EV2A-x0526/A/133/A_v1,True,1a - A71EV2A-x0526/A/147,1 - A71EV2A-x0526/A/147/1,F1g - A71EV2A-x0853/A/147/1,A1 - monomer,F1 - A71/2A/open,1a - A0526/A/147,1 - A0526/A/147/1,F1g - A0853/A/147,A1 - monomer,F1 - A71/2A/open,1a - A0526/A/147,1 - Active Site,F1g - A0853/A/147,A1 - monomer,F1 - A71/2A/open,A0451a,True,True,False,False,False,False,False,True,False,False,False,False,False,False
A0469a,A71EV2A-x0469_A_147_v1,A71EV2A-x0469,Z104924088,CC(C)N1CCN(c2ncccn2)CC1,A71EV2A-x0525/A/90/A_v1,True,5b - A71EV2A-x0469/A/147,5 - A71EV2A-x0525/A/246/1,F1s - A71EV2A-x0525/A/246/1,A1 - monomer,F1 - A71/2A/open,5b - A0469/A/147,5 - A0525/A/246/1,F1s - A0525/A/246,A1 - monomer,F1 - A71/2A/open,5b - A0469/A/147,5 - Active site exterior,F1s - A0525/A/246,A1 - monomer,F1 - A71/2A/open,A0469a,True,False,False,False,False,False,False,False,False,False,False,False,False,False
A0473a,A71EV2A-x0473_A_147_v1,A71EV2A-x0473,Z1082839290,O=S(=O)(NC1CCCC1)C1CCOCC1,A71EV2A-x0526/A/133/A_v1,True,1a - A71EV2A-x0526/A/147,1 - A71EV2A-x0526/A/147/1,F1g - A71EV2A-x0853/A/147/1,A1 - monomer,F1 - A71/2A/open,1a - A0526/A/147,1 - A0526/A/147/1,F1g - A0853/A/147,A1 - monomer,F1 - A71/2A/open,1a - A0526/A/147,1 - Active Site,F1g - A0853/A/147,A1 - monomer,F1 - A71/2A/open,A0473a,True,True,False,False,False,False,False,False,False,True,True,False,False,False
A0486a,A71EV2A-x0486_A_147_v1,A71EV2A-x0486,Z1148165337,CN(C)C(=O)Cn1ncc2ccccc21,A71EV2A-x0486/A/143/A_v1,True,6a - A71EV2A-x0486/A/147,6 - A71EV2A-x0486/A/147/1,F1t - A71EV2A-x0486/A/147/1,A1 - monomer,F1 - A71/2A/open,6a - A0486/A/147,6 - A0486/A/147/1,F1t - A0486/A/147,A1 - monomer,F1 - A71/2A/open,6a - A0486/A/147,6 - Trp142,F1t - A0486/A/147,A1 - monomer,F1 - A71/2A/open,A0486a,True,False,False,False,False,False,False,False,False,False,False,False,False,False
A0487a,A71EV2A-x0487_A_250_v1,A71EV2A-x0487,Z1148747945,CC(=O)Nc1ccncc1C,A71EV2A-x0526/A/133/A_v1,True,1a - A71EV2A-x0526/A/147,1 - A71EV2A-x0526/A/147/1,F3c - A71EV2A-x0487/A/250/1,A1 - monomer,F3 - A71/2A/open/long/cell,1a - A0526/A/147,1 - A0526/A/147/1,F3c - A0487/A/250,A1 - monomer,F3 - A71/2A/open/long/cell,1a - A0526/A/147,1 - Active Site,F3c - A0487/A/250,A1 - monomer,F3 - A71/2A/open/long/cell,A0487a,True,True,False,False,False,False,False,False,False,False,False,False,False,False
A0488a,A71EV2A-x0488_A_147_v1,A71EV2A-x0488,Z1154747269,O=c1ccncn1CCO,A71EV2A-x0488/A/68/A_v1,True,7b - A71EV2A-x0488/A/147,7 - A71EV2A-x0488/A/147/1,F1u - A71EV2A-x0488/A/147/1,A1 - monomer,F1 - A71/2A/open,7b - A0488/A/147,7 - A0488/A/147/1,F1u - A0488/A/147,A1 - monomer,F1 - A71/2A/open,7b - A0488/A/147,7 - Arg69,F1u - A0488/A/147,A1 - monomer,F1 - A71/2A/open,A0488a,True,False,False,False,False,False,False,False,False,False,False,False,False,False
A0497a,A71EV2A-x0497_A_147_v1,A71EV2A-x0497,Z1198158918,N#Cc1n[nH]c2ccccc12,A71EV2A-x0395/A/63/A_v1,True,2a - A71EV2A-x0395/A/148,2 - A71EV2A-x0395/A/148/1,F2l - A71EV2A-x0497/A/147/1,A1 - monomer,F2 - A71/2A/open/small/cell,2a - A0395/A/148,2 - A0395/A/148/1,F2l - A0497/A/147,A1 - monomer,F2 - A71/2A/open/small/cell,2a - A0395/A/148,2 - A0395/A/148/1,F2l - A0497/A/147,A1 - monomer,F2 - A71/2A/open/small/cell,A0497a,True,False,False,False,False,False,False,False,False,False,False,False,False,False
A0501a,A71EV2A-x0501_A_151_v1,A71EV2A-x0501,Z1198177230,COc1ccccc1-c1nnco1,A71EV2A-x0526/A/133/A_v1,True,1a - A71EV2A-x0526/A/147,1 - A71EV2A-x0526/A/147/1,F3c - A71EV2A-x0487/A/250/1,A1 - monomer,F3 - A71/2A/open/long/cell,1a - A0526/A/147,1 - A0526/A/147/1,F3c - A0487/A/250,A1 - monomer,F3 - A71/2A/open/long/cell,1a - A0526/A/147,1 - Active Site,F3c - A0487/A/250,A1 - monomer,F3 - A71/2A/open/long/cell,A0501a,True,False,False,False,False,False,False,True,False,False,False,False,False,False
A0501b,A71EV2A-x0501_A_152_v1,A71EV2A-x0501,Z1198177230,COc1ccccc1-c1nnco1,A71EV2A-x0526/A/133/A_v1,True,1a - A71EV2A-x0526/A/147,1 - A71EV2A-x0526/A/147/1,F3d - A71EV2A-x0501/A/152/1,A1 - monomer,F3 - A71/2A/open/long/cell,1a - A0526/A/147,1 - A0526/A/147/1,F3d - A0501/A/152,A1 - monomer,F3 - A71/2A/open/long/cell,1a - A0526/A/147,1 - Active Site,F3d - A0501/A/152,A1 - monomer,F3 - A71/2A/open/long/cell,A0501a,True,True,False,False,False,False,False,True,False,False,False,False,False,False
A0514b,A71EV2A-x0514_A_250_v1,A71EV2A-x0514,Z1201620232,COc1ccc2sc(N)nc2c1,A71EV2A-x3181/A/20/A_v1,True,4a - A71EV2A-x3181/A/202,4 - A71EV2A-x3181/A/202/1,F3p - A71EV2A-x0514/A/250/1,A1 - monomer,F3 - A71/2A/open/long/cell,4a - A3181/A/202,4 - A3181/A/202/1,F3p - A0514/A/250,A1 - monomer,F3 - A71/2A/open/long/cell,4a - A3181/A/202,4 - His25,F3p - A0514/A/250,A1 - monomer,F3 - A71/2A/open/long/cell,A0514b,True,False,False,False,False,False,False,False,False,False,False,False,False,False
A0514a,A71EV2A-x0514_B_151_v1,A71EV2A-x0514,Z1201620232,COc1ccc2sc(N)nc2c1,A71EV2A-x0526/A/133/A_v1,True,1a - A71EV2A-x0526/A/147,1 - A71EV2A-x0526/A/147/1,F3c - A71EV2A-x0487/A/250/1,A1 - monomer,F3 - A71/2A/open/long/cell,1a - A0526/A/147,1 - A0526/A/147/1,F3c - A0487/A/250,A1 - monomer,F3 - A71/2A/open/long/cell,1a - A0526/A/147,1 - Active Site,F3c - A0487/A/250,A1 - monomer,F3 - A71/2A/open/long/cell,A0514a,True,True,False,False,False,False,False,False,False,False,False,False,False,False
A0515a,A71EV2A-x0515_A_201_v1,A71EV2A-x0515,Z1201621547,COC(=O)c1ccncc1N,A71EV2A-x0526/A/133/A_v1,True,1a - A71EV2A-x0526/A/147,1 - A71EV2A-x0526/A/147/1,F2b - A71EV2A-x0450/A/201/1,A1 - monomer,F2 - A71/2A/open/small/cell,1a - A0526/A/147,1 - A0526/A/147/1,F2b - A0450/A/201,A1 - monomer,F2 - A71/2A/open/small/cell,1a - A0526/A/147,1 - Active Site,F2b - A0450/A/201,A1 - monomer,F2 - A71/2A/open/small/cell,A0515a,True,True,False,False,False,False,False,False,False,False,False,False,False,False
A0515b,A71EV2A-x0515_A_147_v1,A71EV2A-x0515,Z1201621547,COC(=O)c1ccncc1N,A71EV2A-x0395/A/63/A_v1,True,2a - A71EV2A-x0395/A/148,2 - A71EV2A-x0395/A/148/1,F2l - A71EV2A-x0497/A/147/1,A1 - monomer,F2 - A71/2A/open/small/cell,2a - A0395/A/148,2 - A0395/A/148/1,F2l - A0497/A/147,A1 - monomer,F2 - A71/2A/open/small/cell,2a - A0395/A/148,2 - A0395/A/148/1,F2l - A0497/A/147,A1 - monomer,F2 - A71/2A/open/small/cell,A0515b,True,False,False,False,False,False,False,False,False,False,False,False,False,False
A0517a,A71EV2A-x0517_A_147_v1,A71EV2A-x0517,Z1203107138,CCn1cc(C(=O)NCc2ccc(F)cc2)cn1,A71EV2A-x0517/A/43/A_v1,True,9a - A71EV2A-x0517/A/147,9 - A71EV2A-x0517/A/147/1,F1w - A71EV2A-x0517/A/147/1,A1 - monomer,F1 - A71/2A/open,9a - A0517/A/147,9 - A0517/A/147/1,F1w - A0517/A/147,A1 - monomer,F1 - A71/2A/open,9a - A0517/A/147,9 - Asn30,F1w - A0517/A/147,A1 - monomer,F1 - A71/2A/open,A0517a,True,False,False,False,False,False,False,False,False,False,False,False,False,False
A0525a,A71EV2A-x0525_A_246_v1,A71EV2A-x0525,Z1216861874,O=c1ccc(OC(F)F)c[nH]1,A71EV2A-x0525/A/90/A_v1,True,5c - A71EV2A-x0525/A/246,5 - A71EV2A-x0525/A/246/1,F1s - A71EV2A-x0525/A/246/1,A1 - monomer,F1 - A71/2A/open,5c - A0525/A/246,5 - A0525/A/246/1,F1s - A0525/A/246,A1 - monomer,F1 - A71/2A/open,5c - A0525/A/246,5 - Active site exterior,F1s - A0525/A/246,A1 - monomer,F1 - A71/2A/open,A0525a,True,False,False,False,False,False,False,False,False,False,False,False,False,False
A0526a,A71EV2A-x0526_A_147_v1,A71EV2A-x0526,Z1217131798,Cc1nccn1-c1cccnc1,A71EV2A-x0526/A/133/A_v1,True,1a - A71EV2A-x0526/A/147,1 - A71EV2A-x0526/A/147/1,F1g - A71EV2A-x0853/A/147/1,A1 - monomer,F1 - A71/2A/open,1a - A0526/A/147,1 - A0526/A/147/1,F1g - A0853/A/147,A1 - monomer,F1 - A71/2A/open,1a - A0526/A/147,1 - Active Site,F1g - A0853/A/147,A1 - monomer,F1 - A71/2A/open,A0526a,True,True,False,False,False,False,False,False,False,True,True,False,False,False
A0528b,A71EV2A-x0528_A_201_v1,A71EV2A-x0528,Z1217960891,CN1CC[C@@H](Oc2cccc(F)c2)C1=O,A71EV2A-x3181/A/20/A_v1,True,4a - A71EV2A-x3181/A/202,4 - A71EV2A-x3181/A/202/1,F2q - A71EV2A-x0528/A/201/1,A1 - monomer,F2 - A71/2A/open/small/cell,4a - A3181/A/202,4 - A3181/A/202/1,F2q - A0528/A/201,A1 - monomer,F2 - A71/2A/open/small/cell,4a - A3181/A/202,4 - His25,F2q - A0528/A/201,A1 - monomer,F2 - A71/2A/open/small/cell,A0528b,True,False,False,False,False,False,False,False,False,False,False,False,False,False
A0528a,A71EV2A-x0528_A_147_v1,A71EV2A-x0528,Z1217960891,CN1CC[C@@H](Oc2cccc(F)c2)C1=O,A71EV2A-x0526/A/133/A_v1,True,1a - A71EV2A-x0526/A/147,1 - A71EV2A-x0526/A/147/1,F2b - A71EV2A-x0450/A/201/1,A1 - monomer,F2 - A71/2A/open/small/cell,1a - A0526/A/147,1 - A0526/A/147/1,F2b - A0450/A/201,A1 - monomer,F2 - A71/2A/open/small/cell,1a - A0526/A/147,1 - Active Site,F2b - A0450/A/201,A1 - monomer,F2 - A71/2A/open/small/cell,A0528a,True,True,False,False,False,False,False,True,False,False,False,False,False,False
A0540a,A71EV2A-x0540_A_147_v1,A71EV2A-x0540,Z124039706,N#Cc1ccc(CNCc2ccc(F)cc2)cc1,A71EV2A-x0525/A/90/A_v1,True,5c - A71EV2A-x0525/A/246,5 - A71EV2A-x0525/A/246/1,F1s - A71EV2A-x0525/A/246/1,A1 - monomer,F1 - A71/2A/open,5c - A0525/A/246,5 - A0525/A/246/1,F1s - A0525/A/246,A1 - monomer,F1 - A71/2A/open,5c - A0525/A/246,5 - Active site exterior,F1s - A0525/A/246,A1 - monomer,F1 - A71/2A/open,A0540a,True,False,False,False,False,False,False,False,False,False,False,False,False,False
A0541a,A71EV2A-x0541_A_147_v1,A71EV2A-x0541,Z1246465616,Cc1noc(C)c1C[C@@H](C)C(=O)N(C)C,A71EV2A-x0541/A/97/A_v1,True,3a - A71EV2A-x0541/A/147,3 - A71EV2A-x0541/A/147/1,F1o - A71EV2A-x0541/A/147/1,A1 - monomer,F1 - A71/2A/open,3a - A0541/A/147,3 - A0541/A/147/1,F1o - A0541/A/147,A1 - monomer,F1 - A71/2A/open,3a - A0541/A/147,3 - His97,F1o - A0541/A/147,A1 - monomer,F1 - A71/2A/open,A0541a,True,False,False,False,False,False,False,False,False,False,False,False,False,False
A0554b,A71EV2A-x0554_A_147_v1,A71EV2A-x0554,Z1255459547,CC(=O)Nc1cccc2cc[nH]c12,A71EV2A-x0554/A/58/A_v1,True,14a - A71EV2A-x0554/A/147,14 - A71EV2A-x0554/A/147/1,F1ab - A71EV2A-x0554/A/147/1,A1 - monomer,F1 - A71/2A/open,14a - A0554/A/147,14 - A0554/A/147/1,F1ab - A0554/A/147,A1 - monomer,F1 - A71/2A/open,14a - A0554/A/147,14 - Crystal interface,F1ab - A0554/A/147,A1 - monomer,F1 - A71/2A/open,A0554b,True,False,False,False,False,False,False,False,False,False,False,False,False,False
A0554a,A71EV2A-x0554_A_201_v1,A71EV2A-x0554,Z1255459547,CC(=O)Nc1cccc2cc[nH]c12,A71EV2A-x0526/A/133/A_v1,True,1a - A71EV2A-x0526/A/147,1 - A71EV2A-x0526/A/147/1,F1g - A71EV2A-x0853/A/147/1,A1 - monomer,F1 - A71/2A/open,1a - A0526/A/147,1 - A0526/A/147/1,F1g - A0853/A/147,A1 - monomer,F1 - A71/2A/open,1a - A0526/A/147,1 - Active Site,F1g - A0853/A/147,A1 - monomer,F1 - A71/2A/open,A0554a,True,True,False,False,False,False,False,True,False,False,False,False,False,False
A0556a,A71EV2A-x0556_A_147_v1,A71EV2A-x0556,Z1259207775,Cn1cc(N)c(C(=O)NC2CCC2)n1,A71EV2A-x0526/A/133/A_v1,True,1a - A71EV2A-x0526/A/147,1 - A71EV2A-x0526/A/147/1,F1g - A71EV2A-x0853/A/147/1,A1 - monomer,F1 - A71/2A/open,1a - A0526/A/147,1 - A0526/A/147/1,F1g - A0853/A/147,A1 - monomer,F1 - A71/2A/open,1a - A0526/A/147,1 - Active Site,F1g - A0853/A/147,A1 - monomer,F1 - A71/2A/open,A0556a,True,True,False,False,False,False,False,False,False,False,False,False,False,False
A0566a,A71EV2A-x0566_A_147_v1,A71EV2A-x0566,Z1267800292,CNC(=O)c1cccc2cc[nH]c12,A71EV2A-x0526/A/133/A_v1,True,1a - A71EV2A-x0526/A/147,1 - A71EV2A-x0526/A/147/1,F1e - A71EV2A-x0566/A/147/1,A1 - monomer,F1 - A71/2A/open,1a - A0526/A/147,1 - A0526/A/147/1,F1e - A0566/A/147,A1 - monomer,F1 - A71/2A/open,1a - A0526/A/147,1 - Active Site,F1e - A0566/A/147,A1 - monomer,F1 - A71/2A/open,A0566a,True,True,False,False,False,False,False,True,False,False,False,False,False,False
A0571a,A71EV2A-x0571_A_147_v1,A71EV2A-x0571,Z1270393711,COCc1cc(C(N)=O)no1,A71EV2A-x0517/A/43/A_v1,True,9a - A71EV2A-x0517/A/147,9 - A71EV2A-x0517/A/147/1,F1w - A71EV2A-x0517/A/147/1,A1 - monomer,F1 - A71/2A/open,9a - A0517/A/147,9 - A0517/A/147/1,F1w - A0517/A/147,A1 - monomer,F1 - A71/2A/open,9a - A0517/A/147,9 - Asn30,F1w - A0517/A/147,A1 - monomer,F1 - A71/2A/open,A0571a,True,False,False,False,False,False,False,False,False,False,False,False,False,False
A0586a,A71EV2A-x0586_A_147_v1,A71EV2A-x0586,Z1333043510,CN1CCCc2ccc(S(N)(=O)=O)cc21,A71EV2A-x0541/A/97/A_v1,True,3a - A71EV2A-x0541/A/147,3 - A71EV2A-x0541/A/147/1,F1o - A71EV2A-x0541/A/147/1,A1 - monomer,F1 - A71/2A/open,3a - A0541/A/147,3 - A0541/A/147/1,F1o - A0541/A/147,A1 - monomer,F1 - A71/2A/open,3a - A0541/A/147,3 - His97,F1o - A0541/A/147,A1 - monomer,F1 - A71/2A/open,A0586a,True,False,False,False,False,False,False,False,False,False,False,False,False,False
A0269a,A71EV2A-x0269_A_147_v1,A71EV2A-x0269,Z1456069604,O=C(N[C@@H]1CCCNC1)c1ccccc1,A71EV2A-x0395/A/63/A_v1,True,2a - A71EV2A-x0395/A/148,2 - A71EV2A-x0395/A/148/1,F1k - A71EV2A-x0395/A/147/1,A1 - monomer,F1 - A71/2A/open,2a - A0395/A/148,2 - A0395/A/148/1,F1k - A0395/A/147,A1 - monomer,F1 - A71/2A/open,2a - A0395/A/148,2 - A0395/A/148/1,F1k - A0395/A/147,A1 - monomer,F1 - A71/2A/open,A0269a,True,False,False,False,False,False,False,False,False,False,False,False,False,False
A0278b,A71EV2A-x0278_A_147_v1,A71EV2A-x0278,Z1491353358,N[C@H]1CCN(S(=O)(=O)c2ccccc2)C1,A71EV2A-x0541/A/97/A_v1,True,3a - A71EV2A-x0541/A/147,3 - A71EV2A-x0541/A/147/1,F1o - A71EV2A-x0541/A/147/1,A1 - monomer,F1 - A71/2A/open,3a - A0541/A/147,3 - A0541/A/147/1,F1o - A0541/A/147,A1 - monomer,F1 - A71/2A/open,3a - A0541/A/147,3 - His97,F1o - A0541/A/147,A1 - monomer,F1 - A71/2A/open,A0278b,True,False,False,False,False,False,False,False,False,False,False,False,False,False
A0278a,A71EV2A-x0278_A_201_v1,A71EV2A-x0278,Z1491353358,N[C@H]1CCN(S(=O)(=O)c2ccccc2)C1,A71EV2A-x0525/A/90/A_v1,True,5c - A71EV2A-x0525/A/246,5 - A71EV2A-x0525/A/246/1,F1s - A71EV2A-x0525/A/246/1,A1 - monomer,F1 - A71/2A/open,5c - A0525/A/246,5 - A0525/A/246/1,F1s - A0525/A/246,A1 - monomer,F1 - A71/2A/open,5c - A0525/A/246,5 - Active site exterior,F1s - A0525/A/246,A1 - monomer,F1 - A71/2A/open,A0278a,True,False,False,False,False,False,False,False,False,False,False,False,False,False
A0305a,A71EV2A-x0305_A_147_v1,A71EV2A-x0305,Z1639162606,CNS(=O)(=O)c1cccc(C)c1F,A71EV2A-x0541/A/97/A_v1,True,3a - A71EV2A-x0541/A/147,3 - A71EV2A-x0541/A/147/1,F1o - A71EV2A-x0541/A/147/1,A1 - monomer,F1 - A71/2A/open,3a - A0541/A/147,3 - A0541/A/147/1,F1o - A0541/A/147,A1 - monomer,F1 - A71/2A/open,3a - A0541/A/147,3 - His97,F1o - A0541/A/147,A1 - monomer,F1 - A71/2A/open,A0305a,True,False,False,False,False,False,False,False,False,False,False,False,False,False
A0309a,A71EV2A-x0309_A_147_v1,A71EV2A-x0309,Z1685106505,Cn1ccnc1-c1noc(C2CCC2)n1,A71EV2A-x0486/A/143/A_v1,True,6a - A71EV2A-x0486/A/147,6 - A71EV2A-x0486/A/147/1,F1t - A71EV2A-x0486/A/147/1,A1 - monomer,F1 - A71/2A/open,6a - A0486/A/147,6 - A0486/A/147/1,F1t - A0486/A/147,A1 - monomer,F1 - A71/2A/open,6a - A0486/A/147,6 - Trp142,F1t - A0486/A/147,A1 - monomer,F1 - A71/2A/open,A0309a,True,False,False,False,False,False,False,False,False,False,False,False,False,False
A0310a,A71EV2A-x0310_A_147_v1,A71EV2A-x0310,Z1688504114,Cc1nn(C)c(C)c1NC(=O)CC#N,A71EV2A-x0526/A/133/A_v1,True,1a - A71EV2A-x0526/A/147,1 - A71EV2A-x0526/A/147/1,F1g - A71EV2A-x0853/A/147/1,A1 - monomer,F1 - A71/2A/open,1a - A0526/A/147,1 - A0526/A/147/1,F1g - A0853/A/147,A1 - monomer,F1 - A71/2A/open,1a - A0526/A/147,1 - Active Site,F1g - A0853/A/147,A1 - monomer,F1 - A71/2A/open,A0310a,True,True,False,False,False,False,False,True,False,False,False,False,False,False
A0608a,A71EV2A-x0608_A_147_v1,A71EV2A-x0608,Z2064898339,Cc1ccc(CC(=O)NC[C@@H]2CCCO2)cc1,A71EV2A-x0486/A/143/A_v1,True,6a - A71EV2A-x0486/A/147,6 - A71EV2A-x0486/A/147/1,F1t - A71EV2A-x0486/A/147/1,A1 - monomer,F1 - A71/2A/open,6a - A0486/A/147,6 - A0486/A/147/1,F1t - A0486/A/147,A1 - monomer,F1 - A71/2A/open,6a - A0486/A/147,6 - Trp142,F1t - A0486/A/147,A1 - monomer,F1 - A71/2A/open,A0608a,True,False,False,False,False,False,False,False,False,False,False,False,False,False
A0691a,A71EV2A-x0691_A_201_v1,A71EV2A-x0691,Z285782452,CNc1ccccc1S(C)(=O)=O,A71EV2A-x0541/A/97/A_v1,True,3a - A71EV2A-x0541/A/147,3 - A71EV2A-x0541/A/147/1,F1o - A71EV2A-x0541/A/147/1,A1 - monomer,F1 - A71/2A/open,3a - A0541/A/147,3 - A0541/A/147/1,F1o - A0541/A/147,A1 - monomer,F1 - A71/2A/open,3a - A0541/A/147,3 - His97,F1o - A0541/A/147,A1 - monomer,F1 - A71/2A/open,A0691a,True,False,False,False,False,False,False,False,False,False,False,False,False,False
A0152a,A71EV2A-x0152_A_147_v1,A71EV2A-x0152,Z31602870,O=C1CN(C(=O)COc2ccccc2)CCN1,A71EV2A-x0525/A/90/A_v1,True,5c - A71EV2A-x0525/A/246,5 - A71EV2A-x0525/A/246/1,F1s - A71EV2A-x0525/A/246/1,A1 - monomer,F1 - A71/2A/open,5c - A0525/A/246,5 - A0525/A/246/1,F1s - A0525/A/246,A1 - monomer,F1 - A71/2A/open,5c - A0525/A/246,5 - Active site exterior,F1s - A0525/A/246,A1 - monomer,F1 - A71/2A/open,A0152a,True,False,False,False,False,False,False,False,False,False,False,False,False,False
A0152b,A71EV2A-x0152_A_201_v1,A71EV2A-x0152,Z31602870,O=C1CN(C(=O)COc2ccccc2)CCN1,A71EV2A-x0395/A/63/A_v1,True,2a - A71EV2A-x0395/A/148,2 - A71EV2A-x0395/A/148/1,F1j - A71EV2A-x0152/A/201/1,A1 - monomer,F1 - A71/2A/open,2a - A0395/A/148,2 - A0395/A/148/1,F1j - A0152/A/201,A1 - monomer,F1 - A71/2A/open,2a - A0395/A/148,2 - A0395/A/148/1,F1j - A0152/A/201,A1 - monomer,F1 - A71/2A/open,A0152b,True,False,False,False,False,False,False,False,False,False,False,False,False,False
A0188a,A71EV2A-x0188_A_147_v1,A71EV2A-x0188,Z355202286,CC[C@@H]1CN(S(=O)(=O)N(C)C)CCO1,A71EV2A-x0541/A/97/A_v1,True,3a - A71EV2A-x0541/A/147,3 - A71EV2A-x0541/A/147/1,F1o - A71EV2A-x0541/A/147/1,A1 - monomer,F1 - A71/2A/open,3a - A0541/A/147,3 - A0541/A/147/1,F1o - A0541/A/147,A1 - monomer,F1 - A71/2A/open,3a - A0541/A/147,3 - His97,F1o - A0541/A/147,A1 - monomer,F1 - A71/2A/open,A0188a,True,False,False,False,False,False,False,False,False,False,False,False,False,False
A0194a,A71EV2A-x0194_A_147_v1,A71EV2A-x0194,Z3664805965,Fc1ccccc1CNC1CCOCC1,A71EV2A-x0395/A/63/A_v1,True,2a - A71EV2A-x0395/A/148,2 - A71EV2A-x0395/A/148/1,F1j - A71EV2A-x0152/A/201/1,A1 - monomer,F1 - A71/2A/open,2a - A0395/A/148,2 - A0395/A/148/1,F1j - A0152/A/201,A1 - monomer,F1 - A71/2A/open,2a - A0395/A/148,2 - A0395/A/148/1,F1j - A0152/A/201,A1 - monomer,F1 - A71/2A/open,A0194a,True,False,False,False,False,False,False,False,False,False,False,False,False,False
A0202b,A71EV2A-x0202_A_201_v1,A71EV2A-x0202,Z3765495818,NS(=O)(=O)c1cnc2cccnn12,A71EV2A-x0488/A/68/A_v1,True,7a - A71EV2A-x0202/A/201,7 - A71EV2A-x0488/A/147/1,F1u - A71EV2A-x0488/A/147/1,A1 - monomer,F1 - A71/2A/open,7a - A0202/A/201,7 - A0488/A/147/1,F1u - A0488/A/147,A1 - monomer,F1 - A71/2A/open,7a - A0202/A/201,7 - Arg69,F1u - A0488/A/147,A1 - monomer,F1 - A71/2A/open,A0202b,True,False,False,False,False,False,False,False,False,False,False,False,False,False
A0202a,A71EV2A-x0202_A_147_v1,A71EV2A-x0202,Z3765495818,NS(=O)(=O)c1cnc2cccnn12,A71EV2A-x0395/A/63/A_v1,True,2a - A71EV2A-x0395/A/148,2 - A71EV2A-x0395/A/148/1,F1j - A71EV2A-x0152/A/201/1,A1 - monomer,F1 - A71/2A/open,2a - A0395/A/148,2 - A0395/A/148/1,F1j - A0152/A/201,A1 - monomer,F1 - A71/2A/open,2a - A0395/A/148,2 - A0395/A/148/1,F1j - A0152/A/201,A1 - monomer,F1 - A71/2A/open,A0202a,True,False,False,False,False,False,False,False,False,False,False,False,False,False
A0207a,A71EV2A-x0207_A_151_v1,A71EV2A-x0207,Z384361454,Cc1cc(C(=O)NC[C@H]2CCOC2)on1,A71EV2A-x0526/A/133/A_v1,True,1a - A71EV2A-x0526/A/147,1 - A71EV2A-x0526/A/147/1,F3c - A71EV2A-x0487/A/250/1,A1 - monomer,F3 - A71/2A/open/long/cell,1a - A0526/A/147,1 - A0526/A/147/1,F3c - A0487/A/250,A1 - monomer,F3 - A71/2A/open/long/cell,1a - A0526/A/147,1 - Active Site,F3c - A0487/A/250,A1 - monomer,F3 - A71/2A/open/long/cell,A0207a,True,True,False,False,False,False,False,False,False,False,False,False,False,False
A0228a,A71EV2A-x0228_A_147_v1,A71EV2A-x0228,Z425757818,CS(=O)(=O)N1CCC(O)CC1,A71EV2A-x0525/A/90/A_v1,True,5c - A71EV2A-x0525/A/246,5 - A71EV2A-x0525/A/246/1,F1s - A71EV2A-x0525/A/246/1,A1 - monomer,F1 - A71/2A/open,5c - A0525/A/246,5 - A0525/A/246/1,F1s - A0525/A/246,A1 - monomer,F1 - A71/2A/open,5c - A0525/A/246,5 - Active site exterior,F1s - A0525/A/246,A1 - monomer,F1 - A71/2A/open,A0228a,True,False,False,False,False,False,False,False,False,False,False,False,False,False
A0229b,A71EV2A-x0229_A_201_v1,A71EV2A-x0229,Z426041412,CS(=O)(=O)Nc1ccc(CN)cc1,A71EV2A-x0541/A/97/A_v1,True,3a - A71EV2A-x0541/A/147,3 - A71EV2A-x0541/A/147/1,F1o - A71EV2A-x0541/A/147/1,A1 - monomer,F1 - A71/2A/open,3a - A0541/A/147,3 - A0541/A/147/1,F1o - A0541/A/147,A1 - monomer,F1 - A71/2A/open,3a - A0541/A/147,3 - His97,F1o - A0541/A/147,A1 - monomer,F1 - A71/2A/open,A0229b,True,False,False,False,False,False,False,False,False,False,False,False,False,False
A0229a,A71EV2A-x0229_A_147_v1,A71EV2A-x0229,Z426041412,CS(=O)(=O)Nc1ccc(CN)cc1,A71EV2A-x0525/A/90/A_v1,True,5c - A71EV2A-x0525/A/246,5 - A71EV2A-x0525/A/246/1,F1s - A71EV2A-x0525/A/246/1,A1 - monomer,F1 - A71/2A/open,5c - A0525/A/246,5 - A0525/A/246/1,F1s - A0525/A/246,A1 - monomer,F1 - A71/2A/open,5c - A0525/A/246,5 - Active site exterior,F1s - A0525/A/246,A1 - monomer,F1 - A71/2A/open,A0229a,True,False,False,False,False,False,False,False,False,False,False,False,False,False
A0732a,A71EV2A-x0732_A_201_v1,A71EV2A-x0732,Z99601600,Cc1cc(C)c(NC(=O)CO)c(C)c1,A71EV2A-x0526/A/133/A_v1,True,1a - A71EV2A-x0526/A/147,1 - A71EV2A-x0526/A/147/1,F1g - A71EV2A-x0853/A/147/1,A1 - monomer,F1 - A71/2A/open,1a - A0526/A/147,1 - A0526/A/147/1,F1g - A0853/A/147,A1 - monomer,F1 - A71/2A/open,1a - A0526/A/147,1 - Active Site,F1g - A0853/A/147,A1 - monomer,F1 - A71/2A/open,A0732a,True,True,False,False,False,False,False,False,True,False,False,False,False,False
A0739a,A71EV2A-x0739_A_147_v1,A71EV2A-x0739,Z17497990,Cc1ccc(OCC(=O)N2CCOCC2)c(C)c1,A71EV2A-x0526/A/133/A_v1,True,1b - A71EV2A-x0739/A/147,1 - A71EV2A-x0526/A/147/1,F1g - A71EV2A-x0853/A/147/1,A1 - monomer,F1 - A71/2A/open,1b - A0739/A/147,1 - A0526/A/147/1,F1g - A0853/A/147,A1 - monomer,F1 - A71/2A/open,1b - A0739/A/147,1 - Active Site,F1g - A0853/A/147,A1 - monomer,F1 - A71/2A/open,A0739a,True,True,False,False,False,False,False,False,True,False,False,False,False,False
A0812a,A71EV2A-x0812_A_147_v1,A71EV2A-x0812,Z1618027593,Cn1nc(C(N)=O)c2ccccc21,A71EV2A-x0526/A/133/A_v1,True,1a - A71EV2A-x0526/A/147,1 - A71EV2A-x0526/A/147/1,F1g - A71EV2A-x0853/A/147/1,A1 - monomer,F1 - A71/2A/open,1a - A0526/A/147,1 - A0526/A/147/1,F1g - A0853/A/147,A1 - monomer,F1 - A71/2A/open,1a - A0526/A/147,1 - Active Site,F1g - A0853/A/147,A1 - monomer,F1 - A71/2A/open,A0812a,True,True,False,False,False,False,False,False,False,False,False,False,False,False
A0831a,A71EV2A-x0831_A_147_v1,A71EV2A-x0831,Z239127534,Nc1cccc(OCc2ccccc2)c1,A71EV2A-x0395/A/63/A_v1,True,2a - A71EV2A-x0395/A/148,2 - A71EV2A-x0395/A/148/1,F1k - A71EV2A-x0395/A/147/1,A1 - monomer,F1 - A71/2A/open,2a - A0395/A/148,2 - A0395/A/148/1,F1k - A0395/A/147,A1 - monomer,F1 - A71/2A/open,2a - A0395/A/148,2 - A0395/A/148/1,F1k - A0395/A/147,A1 - monomer,F1 - A71/2A/open,A0831a,True,False,False,False,False,False,False,False,False,False,False,False,False,False
A0836a,A71EV2A-x0836_A_301_v1,A71EV2A-x0836,Z2574937229,COc1ccc([C@H](N)c2ccccc2)cc1,A71EV2A-x0526/A/133/A_v1,True,1a - A71EV2A-x0526/A/147,1 - A71EV2A-x0526/A/147/1,F4f - A71EV2A-x0836/A/301/1,A1 - monomer,F4 - A71/2A/new/model/x2721/4.1/ref3,1a - A0526/A/147,1 - A0526/A/147/1,F4f - A0836/A/301,A1 - monomer,F4 - A71/2A/new/model/x2721/4.1/ref3,1a - A0526/A/147,1 - Active Site,F4f - A0836/A/301,A1 - monomer,F4 - A71/2A/new/model/x2721/4.1/ref3,A0836a,True,False,False,False,False,False,False,False,False,False,False,False,False,False
A0836b,A71EV2A-x0836_A_302_v1,A71EV2A-x0836,Z2574937229,COc1ccc([C@H](N)c2ccccc2)cc1,A71EV2A-x0526/A/133/A_v1,True,1a - A71EV2A-x0526/A/147,1 - A71EV2A-x0526/A/147/1,F4f - A71EV2A-x0836/A/301/1,A1 - monomer,F4 - A71/2A/new/model/x2721/4.1/ref3,1a - A0526/A/147,1 - A0526/A/147/1,F4f - A0836/A/301,A1 - monomer,F4 - A71/2A/new/model/x2721/4.1/ref3,1a - A0526/A/147,1 - Active Site,F4f - A0836/A/301,A1 - monomer,F4 - A71/2A/new/model/x2721/4.1/ref3,A0836a,True,True,False,False,False,False,False,False,False,False,False,False,False,False
A0853a,A71EV2A-x0853_A_147_v1,A71EV2A-x0853,Z32367954,O=C(NC1CC1)c1ccc2c(c1)OCO2,A71EV2A-x0526/A/133/A_v1,True,1a - A71EV2A-x0526/A/147,1 - A71EV2A-x0526/A/147/1,F1g - A71EV2A-x0853/A/147/1,A1 - monomer,F1 - A71/2A/open,1a - A0526/A/147,1 - A0526/A/147/1,F1g - A0853/A/147,A1 - monomer,F1 - A71/2A/open,1a - A0526/A/147,1 - Active Site,F1g - A0853/A/147,A1 - monomer,F1 - A71/2A/open,A0853a,True,True,False,False,False,False,False,False,False,True,True,False,False,False
A0863a,A71EV2A-x0863_A_147_v1,A71EV2A-x0863,Z55993012,CCN(CC)C(=O)c1ccc(N)cc1,A71EV2A-x3181/A/20/A_v1,True,4a - A71EV2A-x3181/A/202,4 - A71EV2A-x3181/A/202/1,F2q - A71EV2A-x0528/A/201/1,A1 - monomer,F2 - A71/2A/open/small/cell,4a - A3181/A/202,4 - A3181/A/202/1,F2q - A0528/A/201,A1 - monomer,F2 - A71/2A/open/small/cell,4a - A3181/A/202,4 - His25,F2q - A0528/A/201,A1 - monomer,F2 - A71/2A/open/small/cell,A0863a,True,False,False,False,False,False,False,False,False,False,False,False,False,False
A0875a,A71EV2A-x0875_A_201_v1,A71EV2A-x0875,Z53825020,CCS(=O)(=O)N1CCC(C(=O)O)CC1,A71EV2A-x0526/A/133/A_v1,True,1a - A71EV2A-x0526/A/147,1 - A71EV2A-x0526/A/147/1,F2b - A71EV2A-x0450/A/201/1,A1 - monomer,F2 - A71/2A/open/small/cell,1a - A0526/A/147,1 - A0526/A/147/1,F2b - A0450/A/201,A1 - monomer,F2 - A71/2A/open/small/cell,1a - A0526/A/147,1 - Active Site,F2b - A0450/A/201,A1 - monomer,F2 - A71/2A/open/small/cell,A0875a,True,True,False,False,False,True,True,False,False,False,False,False,False,False
A0875b,A71EV2A-x0875_A_147_v1,A71EV2A-x0875,Z53825020,CCS(=O)(=O)N1CCC(C(=O)O)CC1,A71EV2A-x0395/A/63/A_v1,True,2a - A71EV2A-x0395/A/148,2 - A71EV2A-x0395/A/148/1,F2l - A71EV2A-x0497/A/147/1,A1 - monomer,F2 - A71/2A/open/small/cell,2a - A0395/A/148,2 - A0395/A/148/1,F2l - A0497/A/147,A1 - monomer,F2 - A71/2A/open/small/cell,2a - A0395/A/148,2 - A0395/A/148/1,F2l - A0497/A/147,A1 - monomer,F2 - A71/2A/open/small/cell,A0875b,True,False,False,False,False,False,False,False,False,False,False,False,False,False
A0884a,A71EV2A-x0884_A_147_v1,A71EV2A-x0884,Z198195770,CC(=O)Nc1cccc(NC(N)=O)c1,A71EV2A-x0526/A/133/A_v1,True,1a - A71EV2A-x0526/A/147,1 - A71EV2A-x0526/A/147/1,F2b - A71EV2A-x0450/A/201/1,A1 - monomer,F2 - A71/2A/open/small/cell,1a - A0526/A/147,1 - A0526/A/147/1,F2b - A0450/A/201,A1 - monomer,F2 - A71/2A/open/small/cell,1a - A0526/A/147,1 - Active Site,F2b - A0450/A/201,A1 - monomer,F2 - A71/2A/open/small/cell,A0884a,True,True,False,False,False,False,False,True,False,False,False,False,False,False
A0900a,A71EV2A-x0900_A_147_v1,A71EV2A-x0900,Z760031264,Nc1ccc(-c2ncno2)cc1,A71EV2A-x0900/A/27/A_v1,True,10a - A71EV2A-x0900/A/147,10 - A71EV2A-x0900/A/147/1,F2x - A71EV2A-x0900/A/147/1,A1 - monomer,F2 - A71/2A/open/small/cell,10a - A0900/A/147,10 - A0900/A/147/1,F2x - A0900/A/147,A1 - monomer,F2 - A71/2A/open/small/cell,10a - A0900/A/147,10 - His25,F2x - A0900/A/147,A1 - monomer,F2 - A71/2A/open/small/cell,A0900a,True,False,False,False,False,False,False,False,False,False,False,False,False,False
A0911a,A71EV2A-x0911_A_147_v1,A71EV2A-x0911,Z1457921102,CN(C(=O)[C@H]1CCNC1)c1ccccc1,A71EV2A-x0526/A/133/A_v1,True,1a - A71EV2A-x0526/A/147,1 - A71EV2A-x0526/A/147/1,F2b - A71EV2A-x0450/A/201/1,A1 - monomer,F2 - A71/2A/open/small/cell,1a - A0526/A/147,1 - A0526/A/147/1,F2b - A0450/A/201,A1 - monomer,F2 - A71/2A/open/small/cell,1a - A0526/A/147,1 - Active Site,F2b - A0450/A/201,A1 - monomer,F2 - A71/2A/open/small/cell,A0911a,True,True,False,False,False,False,False,False,False,False,True,False,False,False
A0922a,A71EV2A-x0922_A_147_v1,A71EV2A-x0922,Z19733482,Cc1ccccc1OCC(=O)N(C)C,A71EV2A-x0526/A/133/A_v1,True,1c - A71EV2A-x0922/A/147,1 - A71EV2A-x0526/A/147/1,F1g - A71EV2A-x0853/A/147/1,A1 - monomer,F1 - A71/2A/open,1c - A0922/A/147,1 - A0526/A/147/1,F1g - A0853/A/147,A1 - monomer,F1 - A71/2A/open,1c - A0922/A/147,1 - Active Site,F1g - A0853/A/147,A1 - monomer,F1 - A71/2A/open,A0922a,True,True,False,False,False,False,False,True,False,False,False,False,False,False
A0926a,A71EV2A-x0926_A_250_v1,A71EV2A-x0926,Z32279730,COCC(=O)N1CCC[C@H](C(N)=O)C1,A71EV2A-x0526/A/133/A_v1,True,1a - A71EV2A-x0526/A/147,1 - A71EV2A-x0526/A/147/1,F3c - A71EV2A-x0487/A/250/1,A1 - monomer,F3 - A71/2A/open/long/cell,1a - A0526/A/147,1 - A0526/A/147/1,F3c - A0487/A/250,A1 - monomer,F3 - A71/2A/open/long/cell,1a - A0526/A/147,1 - Active Site,F3c - A0487/A/250,A1 - monomer,F3 - A71/2A/open/long/cell,A0926a,True,True,False,False,False,False,False,True,False,False,False,False,True,False
A1019a,A71EV2A-x1019_A_147_v1,A71EV2A-x1019,NCL-00024665,COc1cc(Br)ccc1CC(=O)O,A71EV2A-x0526/A/133/A_v1,True,1a - A71EV2A-x0526/A/147,1 - A71EV2A-x0526/A/147/1,F4f - A71EV2A-x0836/A/301/1,A1 - monomer,F4 - A71/2A/new/model/x2721/4.1/ref3,1a - A0526/A/147,1 - A0526/A/147/1,F4f - A0836/A/301,A1 - monomer,F4 - A71/2A/new/model/x2721/4.1/ref3,1a - A0526/A/147,1 - Active Site,F4f - A0836/A/301,A1 - monomer,F4 - A71/2A/new/model/x2721/4.1/ref3,A1019a,True,True,False,False,False,True,True,False,False,False,False,False,False,False
A1080a,A71EV2A-x1080_A_201_v1,A71EV2A-x1080,Z59181971,CCC(=O)NO,A71EV2A-x0526/A/133/A_v1,True,1a - A71EV2A-x0526/A/147,1 - A71EV2A-x0526/A/147/1,F2b - A71EV2A-x0450/A/201/1,A1 - monomer,F2 - A71/2A/open/small/cell,1a - A0526/A/147,1 - A0526/A/147/1,F2b - A0450/A/201,A1 - monomer,F2 - A71/2A/open/small/cell,1a - A0526/A/147,1 - Active Site,F2b - A0450/A/201,A1 - monomer,F2 - A71/2A/open/small/cell,A1080a,True,True,False,False,False,False,False,False,True,False,False,False,False,False
A1081b,A71EV2A-x1081_A_201_v1,A71EV2A-x1081,Z1741976468,O=C1NCCN1,A71EV2A-x1081/A/99/A_v1,True,15a - A71EV2A-x1081/A/201,15 - A71EV2A-x1081/A/201/1,F1ac - A71EV2A-x1081/A/201/1,A1 - monomer,F1 - A71/2A/open,15a - A1081/A/201,15 - A1081/A/201/1,F1ac - A1081/A/201,A1 - monomer,F1 - A71/2A/open,15a - A1081/A/201,15 - solvent exposed,F1ac - A1081/A/201,A1 - monomer,F1 - A71/2A/open,A1081b,True,False,False,False,False,False,False,False,False,False,False,False,False,False
A1081a,A71EV2A-x1081_A_147_v1,A71EV2A-x1081,Z1741976468,O=C1NCCN1,A71EV2A-x0488/A/68/A_v1,True,7c - A71EV2A-x1081/A/147,7 - A71EV2A-x0488/A/147/1,F1u - A71EV2A-x0488/A/147/1,A1 - monomer,F1 - A71/2A/open,7c - A1081/A/147,7 - A0488/A/147/1,F1u - A0488/A/147,A1 - monomer,F1 - A71/2A/open,7c - A1081/A/147,7 - Arg69,F1u - A0488/A/147,A1 - monomer,F1 - A71/2A/open,A1081a,True,False,False,False,False,False,False,False,False,False,False,False,False,False
A1084a,A71EV2A-x1084_A_147_v1,A71EV2A-x1084,Z1415893881,NC(=O)C1(N)CC1,A71EV2A-x0488/A/68/A_v1,True,7d - A71EV2A-x1084/A/147,7 - A71EV2A-x0488/A/147/1,F1u - A71EV2A-x0488/A/147/1,A1 - monomer,F1 - A71/2A/open,7d - A1084/A/147,7 - A0488/A/147/1,F1u - A0488/A/147,A1 - monomer,F1 - A71/2A/open,7d - A1084/A/147,7 - Arg69,F1u - A0488/A/147,A1 - monomer,F1 - A71/2A/open,A1084a,True,False,False,False,False,False,False,False,False,False,False,False,False,False
A1105a,A71EV2A-x1105_A_147_v1,A71EV2A-x1105,Z276142580,c1ccc(-c2ccncc2)cc1,A71EV2A-x0395/A/63/A_v1,True,2a - A71EV2A-x0395/A/148,2 - A71EV2A-x0395/A/148/1,F1k - A71EV2A-x0395/A/147/1,A1 - monomer,F1 - A71/2A/open,2a - A0395/A/148,2 - A0395/A/148/1,F1k - A0395/A/147,A1 - monomer,F1 - A71/2A/open,2a - A0395/A/148,2 - A0395/A/148/1,F1k - A0395/A/147,A1 - monomer,F1 - A71/2A/open,A1105a,True,False,False,False,False,False,False,False,False,False,False,False,False,False
A1105b,A71EV2A-x1105_A_148_v1,A71EV2A-x1105,Z276142580,c1ccc(-c2ccncc2)cc1,A71EV2A-x0395/A/63/A_v1,True,2a - A71EV2A-x0395/A/148,2 - A71EV2A-x0395/A/148/1,F1k - A71EV2A-x0395/A/147/1,A1 - monomer,F1 - A71/2A/open,2a - A0395/A/148,2 - A0395/A/148/1,F1k - A0395/A/147,A1 - monomer,F1 - A71/2A/open,2a - A0395/A/148,2 - A0395/A/148/1,F1k - A0395/A/147,A1 - monomer,F1 - A71/2A/open,A1105a,True,False,False,False,False,False,False,False,False,False,False,False,False,False
A1109a,A71EV2A-x1109_A_147_v1,A71EV2A-x1109,Z315923746,O=C(O)c1cnc(-c2ccccc2)s1,A71EV2A-x0395/A/63/A_v1,True,2a - A71EV2A-x0395/A/148,2 - A71EV2A-x0395/A/148/1,F2l - A71EV2A-x0497/A/147/1,A1 - monomer,F2 - A71/2A/open/small/cell,2a - A0395/A/148,2 - A0395/A/148/1,F2l - A0497/A/147,A1 - monomer,F2 - A71/2A/open/small/cell,2a - A0395/A/148,2 - A0395/A/148/1,F2l - A0497/A/147,A1 - monomer,F2 - A71/2A/open/small/cell,A1109a,True,False,False,False,False,False,False,False,False,False,False,False,False,False
A1128a,A71EV2A-x1128_A_147_v1,A71EV2A-x1128,Z57663553,Oc1nnc(-c2ccccc2)o1,A71EV2A-x0900/A/27/A_v1,True,10b - A71EV2A-x1128/A/147,10 - A71EV2A-x0900/A/147/1,F2x - A71EV2A-x0900/A/147/1,A1 - monomer,F2 - A71/2A/open/small/cell,10b - A1128/A/147,10 - A0900/A/147/1,F2x - A0900/A/147,A1 - monomer,F2 - A71/2A/open/small/cell,10b - A1128/A/147,10 - His25,F2x - A0900/A/147,A1 - monomer,F2 - A71/2A/open/small/cell,A1128a,True,False,False,False,False,False,False,False,False,False,False,False,False,False
A1140a,A71EV2A-x1140_A_147_v1,A71EV2A-x1140,Z56042334,O=C(CN1CCCC1)c1ccccc1Cl,A71EV2A-x0526/A/133/A_v1,True,1a - A71EV2A-x0526/A/147,1 - A71EV2A-x0526/A/147/1,F2b - A71EV2A-x0450/A/201/1,A1 - monomer,F2 - A71/2A/open/small/cell,1a - A0526/A/147,1 - A0526/A/147/1,F2b - A0450/A/201,A1 - monomer,F2 - A71/2A/open/small/cell,1a - A0526/A/147,1 - Active Site,F2b - A0450/A/201,A1 - monomer,F2 - A71/2A/open/small/cell,A1140a,True,True,False,False,False,True,True,False,False,False,False,False,False,False
A1145a,A71EV2A-x1145_A_147_v1,A71EV2A-x1145,Z969111002,Fc1ccc(C[C@@H]2CCCNC2)cc1,A71EV2A-x3181/A/20/A_v1,True,4a - A71EV2A-x3181/A/202,4 - A71EV2A-x3181/A/202/1,F2q - A71EV2A-x0528/A/201/1,A1 - monomer,F2 - A71/2A/open/small/cell,4a - A3181/A/202,4 - A3181/A/202/1,F2q - A0528/A/201,A1 - monomer,F2 - A71/2A/open/small/cell,4a - A3181/A/202,4 - His25,F2q - A0528/A/201,A1 - monomer,F2 - A71/2A/open/small/cell,A1145a,True,False,False,False,False,False,False,False,False,False,False,False,False,False
A1145b,A71EV2A-x1145_A_201_v1,A71EV2A-x1145,Z969111002,Fc1ccc(C[C@H]2CCCNC2)cc1,A71EV2A-x0395/A/63/A_v1,True,2a - A71EV2A-x0395/A/148,2 - A71EV2A-x0395/A/148/1,F2l - A71EV2A-x0497/A/147/1,A1 - monomer,F2 - A71/2A/open/small/cell,2a - A0395/A/148,2 - A0395/A/148/1,F2l - A0497/A/147,A1 - monomer,F2 - A71/2A/open/small/cell,2a - A0395/A/148,2 - A0395/A/148/1,F2l - A0497/A/147,A1 - monomer,F2 - A71/2A/open/small/cell,A1145b,True,False,False,False,False,False,False,False,False,False,False,False,False,False
A1146a,A71EV2A-x1146_A_147_v1,A71EV2A-x1146,Z362043378,Oc1cnc(-c2ccccc2)nc1,A71EV2A-x3181/A/20/A_v1,True,4a - A71EV2A-x3181/A/202,4 - A71EV2A-x3181/A/202/1,F2q - A71EV2A-x0528/A/201/1,A1 - monomer,F2 - A71/2A/open/small/cell,4a - A3181/A/202,4 - A3181/A/202/1,F2q - A0528/A/201,A1 - monomer,F2 - A71/2A/open/small/cell,4a - A3181/A/202,4 - His25,F2q - A0528/A/201,A1 - monomer,F2 - A71/2A/open/small/cell,A1146a,True,False,False,False,False,False,False,False,False,False,False,False,False,False
A1148a,A71EV2A-x1148_A_201_v1,A71EV2A-x1148,Z1213725191,Brc1c[nH]cn1,A71EV2A-x0526/A/133/A_v1,True,1a - A71EV2A-x0526/A/147,1 - A71EV2A-x0526/A/147/1,F4f - A71EV2A-x0836/A/301/1,A1 - monomer,F4 - A71/2A/new/model/x2721/4.1/ref3,1a - A0526/A/147,1 - A0526/A/147/1,F4f - A0836/A/301,A1 - monomer,F4 - A71/2A/new/model/x2721/4.1/ref3,1a - A0526/A/147,1 - Active Site,F4f - A0836/A/301,A1 - monomer,F4 - A71/2A/new/model/x2721/4.1/ref3,A1148a,True,True,False,False,False,False,False,False,False,False,False,False,False,False
A1148b,A71EV2A-x1148_A_147_v1,A71EV2A-x1148,Z1213725191,Brc1c[nH]cn1,A71EV2A-x0395/A/63/A_v1,True,2a - A71EV2A-x0395/A/148,2 - A71EV2A-x0395/A/148/1,F4m - A71EV2A-x1148/A/147/1,A1 - monomer,F4 - A71/2A/new/model/x2721/4.1/ref3,2a - A0395/A/148,2 - A0395/A/148/1,F4m - A1148/A/147,A1 - monomer,F4 - A71/2A/new/model/x2721/4.1/ref3,2a - A0395/A/148,2 - A0395/A/148/1,F4m - A1148/A/147,A1 - monomer,F4 - A71/2A/new/model/x2721/4.1/ref3,A1148b,True,False,False,False,False,False,False,False,False,False,False,False,False,False
A1169a,A71EV2A-x1169_A_151_v1,A71EV2A-x1169,Z1143441220,N#Cc1cocn1,A71EV2A-x0526/A/133/A_v1,True,1a - A71EV2A-x0526/A/147,1 - A71EV2A-x0526/A/147/1,F3c - A71EV2A-x0487/A/250/1,A1 - monomer,F3 - A71/2A/open/long/cell,1a - A0526/A/147,1 - A0526/A/147/1,F3c - A0487/A/250,A1 - monomer,F3 - A71/2A/open/long/cell,1a - A0526/A/147,1 - Active Site,F3c - A0487/A/250,A1 - monomer,F3 - A71/2A/open/long/cell,A1169a,True,True,False,False,False,False,False,False,False,False,False,False,False,False
A1180a,A71EV2A-x1180_A_151_v1,A71EV2A-x1180,Z1198183601,Clc1c[nH]cn1,A71EV2A-x0526/A/133/A_v1,True,1a - A71EV2A-x0526/A/147,1 - A71EV2A-x0526/A/147/1,F3d - A71EV2A-x0501/A/152/1,A1 - monomer,F3 - A71/2A/open/long/cell,1a - A0526/A/147,1 - A0526/A/147/1,F3d - A0501/A/152,A1 - monomer,F3 - A71/2A/open/long/cell,1a - A0526/A/147,1 - Active Site,F3d - A0501/A/152,A1 - monomer,F3 - A71/2A/open/long/cell,A1180a,True,True,False,False,False,False,False,False,False,False,True,False,False,False
A1180b,A71EV2A-x1180_B_151_v1,A71EV2A-x1180,Z1198183601,Clc1c[nH]cn1,A71EV2A-x0526/A/133/A_v1,True,1a - A71EV2A-x0526/A/147,1 - A71EV2A-x0526/A/147/1,F3c - A71EV2A-x0487/A/250/1,A1 - monomer,F3 - A71/2A/open/long/cell,1a - A0526/A/147,1 - A0526/A/147/1,F3c - A0487/A/250,A1 - monomer,F3 - A71/2A/open/long/cell,1a - A0526/A/147,1 - Active Site,F3c - A0487/A/250,A1 - monomer,F3 - A71/2A/open/long/cell,A1180a,True,True,False,False,False,False,False,False,False,False,False,False,False,False
A1209a,A71EV2A-x1209_A_151_v1,A71EV2A-x1209,Z1203730981,Brc1ncc[nH]1,A71EV2A-x0526/A/133/A_v1,True,1a - A71EV2A-x0526/A/147,1 - A71EV2A-x0526/A/147/1,F3c - A71EV2A-x0487/A/250/1,A1 - monomer,F3 - A71/2A/open/long/cell,1a - A0526/A/147,1 - A0526/A/147/1,F3c - A0487/A/250,A1 - monomer,F3 - A71/2A/open/long/cell,1a - A0526/A/147,1 - Active Site,F3c - A0487/A/250,A1 - monomer,F3 - A71/2A/open/long/cell,A1209a,True,True,False,False,False,False,False,False,False,False,False,False,False,False
A1247a,A71EV2A-x1247_A_246_v1,A71EV2A-x1247,POB0140,COc1cccc([C@@H]2CCOC[C@@H]2N)c1,A71EV2A-x0526/A/133/A_v1,True,1a - A71EV2A-x0526/A/147,1 - A71EV2A-x0526/A/147/1,F1g - A71EV2A-x0853/A/147/1,A1 - monomer,F1 - A71/2A/open,1a - A0526/A/147,1 - A0526/A/147/1,F1g - A0853/A/147,A1 - monomer,F1 - A71/2A/open,1a - A0526/A/147,1 - Active Site,F1g - A0853/A/147,A1 - monomer,F1 - A71/2A/open,A1247a,True,True,False,False,False,False,False,False,True,False,False,False,False,False
A1255a,A71EV2A-x1255_B_201_v1,A71EV2A-x1255,NCL-00024387,COCCn1ccc(Br)cc1=O,A71EV2A-x0526/A/133/A_v1,True,1a - A71EV2A-x0526/A/147,1 - A71EV2A-x0526/A/147/1,F3c - A71EV2A-x0487/A/250/1,A1 - monomer,F3 - A71/2A/open/long/cell,1a - A0526/A/147,1 - A0526/A/147/1,F3c - A0487/A/250,A1 - monomer,F3 - A71/2A/open/long/cell,1a - A0526/A/147,1 - Active Site,F3c - A0487/A/250,A1 - monomer,F3 - A71/2A/open/long/cell,A1255a,True,True,False,False,False,False,False,False,False,False,False,False,False,False
A1292a,A71EV2A-x1292_A_151_v1,A71EV2A-x1292,Z57473948,O=C(NC1CC1)c1ccccc1O,A71EV2A-x0526/A/133/A_v1,True,1a - A71EV2A-x0526/A/147,1 - A71EV2A-x0526/A/147/1,F3c - A71EV2A-x0487/A/250/1,A1 - monomer,F3 - A71/2A/open/long/cell,1a - A0526/A/147,1 - A0526/A/147/1,F3c - A0487/A/250,A1 - monomer,F3 - A71/2A/open/long/cell,1a - A0526/A/147,1 - Active Site,F3c - A0487/A/250,A1 - monomer,F3 - A71/2A/open/long/cell,A1292a,True,True,False,False,False,False,False,False,False,False,False,False,False,False
A1293a,A71EV2A-x1293_A_151_v1,A71EV2A-x1293,Z362020366,Nc1nnc2ccccn12,A71EV2A-x0395/A/63/A_v1,True,2a - A71EV2A-x0395/A/148,2 - A71EV2A-x0395/A/148/1,F3n - A71EV2A-x1293/A/151/1,A1 - monomer,F3 - A71/2A/open/long/cell,2a - A0395/A/148,2 - A0395/A/148/1,F3n - A1293/A/151,A1 - monomer,F3 - A71/2A/open/long/cell,2a - A0395/A/148,2 - A0395/A/148/1,F3n - A1293/A/151,A1 - monomer,F3 - A71/2A/open/long/cell,A1293a,True,False,False,False,False,False,False,False,False,False,False,False,False,False
A1346a,A71EV2A-x1346_A_250_v1,A71EV2A-x1346,ASAP-0016618-001,Cc1nn(C)c(C)c1CC(=O)N[C@@H](CNC(=O)CCl)c1ccc2ccccc2c1,A71EV2A-x0526/A/133/A_v1,True,1a - A71EV2A-x0526/A/147,1 - A71EV2A-x0526/A/147/1,F3c - A71EV2A-x0487/A/250/1,A1 - monomer,F3 - A71/2A/open/long/cell,1a - A0526/A/147,1 - A0526/A/147/1,F3c - A0487/A/250,A1 - monomer,F3 - A71/2A/open/long/cell,1a - A0526/A/147,1 - Active Site,F3c - A0487/A/250,A1 - monomer,F3 - A71/2A/open/long/cell,A1346a,True,False,False,False,True,False,False,True,True,False,False,False,False,False
A1445a,A71EV2A-x1445_B_201_v1,A71EV2A-x1445,ASAP-0016733-001,COc1cc(NC(=O)C[C@@H](C)C(F)(F)F)n(C)n1,A71EV2A-x0526/A/133/A_v1,True,1a - A71EV2A-x0526/A/147,1 - A71EV2A-x0526/A/147/1,F3c - A71EV2A-x0487/A/250/1,A1 - monomer,F3 - A71/2A/open/long/cell,1a - A0526/A/147,1 - A0526/A/147/1,F3c - A0487/A/250,A1 - monomer,F3 - A71/2A/open/long/cell,1a - A0526/A/147,1 - Active Site,F3c - A0487/A/250,A1 - monomer,F3 - A71/2A/open/long/cell,A1445a,True,False,False,False,False,False,False,False,False,False,False,False,False,False
A1445b,A71EV2A-x1445_B_301_v1,A71EV2A-x1445,ASAP-0016733-001,COc1cc(NC(=O)C[C@@H](C)C(F)(F)F)n(C)n1,A71EV2A-x0526/A/133/A_v1,True,1a - A71EV2A-x0526/A/147,1 - A71EV2A-x0526/A/147/1,F3c - A71EV2A-x0487/A/250/1,A1 - monomer,F3 - A71/2A/open/long/cell,1a - A0526/A/147,1 - A0526/A/147/1,F3c - A0487/A/250,A1 - monomer,F3 - A71/2A/open/long/cell,1a - A0526/A/147,1 - Active Site,F3c - A0487/A/250,A1 - monomer,F3 - A71/2A/open/long/cell,A1445a,True,False,False,False,True,False,False,False,False,False,False,False,False,False
A1775a,A71EV2A-x1775_A_201_v1,A71EV2A-x1775,ASAP-0024999-003,CCOc1ccc(C(=O)CC)cc1,A71EV2A-x0526/A/133/A_v1,True,1a - A71EV2A-x0526/A/147,1 - A71EV2A-x0526/A/147/1,F1g - A71EV2A-x0853/A/147/1,A1 - monomer,F1 - A71/2A/open,1a - A0526/A/147,1 - A0526/A/147/1,F1g - A0853/A/147,A1 - monomer,F1 - A71/2A/open,1a - A0526/A/147,1 - Active Site,F1g - A0853/A/147,A1 - monomer,F1 - A71/2A/open,A1775a,True,False,True,False,False,False,False,False,False,False,False,False,False,True
A1776a,A71EV2A-x1776_A_201_v1,A71EV2A-x1776,ASAP-0025003-002,CCC(=O)c1ccc(NC(C)=O)cc1,A71EV2A-x0526/A/133/A_v1,True,1a - A71EV2A-x0526/A/147,1 - A71EV2A-x0526/A/147/1,F1a - A71EV2A-x0375/A/201/1,A1 - monomer,F1 - A71/2A/open,1a - A0526/A/147,1 - A0526/A/147/1,F1a - A0375/A/201,A1 - monomer,F1 - A71/2A/open,1a - A0526/A/147,1 - Active Site,F1a - A0375/A/201,A1 - monomer,F1 - A71/2A/open,A1776a,True,False,True,False,False,False,False,False,False,False,False,False,False,True
A1778a,A71EV2A-x1778_A_201_v1,A71EV2A-x1778,ASAP-0025240-002,CCC(=O)c1ccc2c(c1)CCN2C(C)=O,A71EV2A-x0526/A/133/A_v1,True,1a - A71EV2A-x0526/A/147,1 - A71EV2A-x0526/A/147/1,F1g - A71EV2A-x0853/A/147/1,A1 - monomer,F1 - A71/2A/open,1a - A0526/A/147,1 - A0526/A/147/1,F1g - A0853/A/147,A1 - monomer,F1 - A71/2A/open,1a - A0526/A/147,1 - Active Site,F1g - A0853/A/147,A1 - monomer,F1 - A71/2A/open,A1778a,True,False,True,False,False,False,False,False,False,False,False,False,False,True
A1779a,A71EV2A-x1779_A_201_v1,A71EV2A-x1779,ASAP-0025094-002,CCC(=O)c1ccc2c(c1)NC(=O)CO2,A71EV2A-x0526/A/133/A_v1,True,1a - A71EV2A-x0526/A/147,1 - A71EV2A-x0526/A/147/1,F1a - A71EV2A-x0375/A/201/1,A1 - monomer,F1 - A71/2A/open,1a - A0526/A/147,1 - A0526/A/147/1,F1a - A0375/A/201,A1 - monomer,F1 - A71/2A/open,1a - A0526/A/147,1 - Active Site,F1a - A0375/A/201,A1 - monomer,F1 - A71/2A/open,A1779a,True,False,True,False,False,False,False,False,False,False,False,False,False,True
A2290a,A71EV2A-x2290_A_301_v1,A71EV2A-x2290,ASAP-0030340-001,CNC(=O)c1nn(C)c2ccccc12,A71EV2A-x0526/A/133/A_v1,True,1a - A71EV2A-x0526/A/147,1 - A71EV2A-x0526/A/147/1,F1g - A71EV2A-x0853/A/147/1,A1 - monomer,F1 - A71/2A/open,1a - A0526/A/147,1 - A0526/A/147/1,F1g - A0853/A/147,A1 - monomer,F1 - A71/2A/open,1a - A0526/A/147,1 - Active Site,F1g - A0853/A/147,A1 - monomer,F1 - A71/2A/open,A2290a,True,False,False,True,False,False,False,False,False,False,False,True,False,False
A2293a,A71EV2A-x2293_A_201_v1,A71EV2A-x2293,ASAP-0030249-001,Cn1nc(C(=O)NC[C@@H]2Cc3ccccc3CN2)c2ccccc21,A71EV2A-x0526/A/133/A_v1,True,1a - A71EV2A-x0526/A/147,1 - A71EV2A-x0526/A/147/1,F1g - A71EV2A-x0853/A/147/1,A1 - monomer,F1 - A71/2A/open,1a - A0526/A/147,1 - A0526/A/147/1,F1g - A0853/A/147,A1 - monomer,F1 - A71/2A/open,1a - A0526/A/147,1 - Active Site,F1g - A0853/A/147,A1 - monomer,F1 - A71/2A/open,A2293a,True,False,False,True,False,False,False,True,False,False,False,True,False,False
A2304a,A71EV2A-x2304_A_246_v1,A71EV2A-x2304,ASAP-0030304-001,Cn1nc(C(=O)Nc2cn[nH]c2)c2ccccc21,A71EV2A-x0526/A/133/A_v1,True,1a - A71EV2A-x0526/A/147,1 - A71EV2A-x0526/A/147/1,F1g - A71EV2A-x0853/A/147/1,A1 - monomer,F1 - A71/2A/open,1a - A0526/A/147,1 - A0526/A/147/1,F1g - A0853/A/147,A1 - monomer,F1 - A71/2A/open,1a - A0526/A/147,1 - Active Site,F1g - A0853/A/147,A1 - monomer,F1 - A71/2A/open,A2304a,True,False,False,True,False,False,False,True,False,False,False,True,False,False
A2339a,A71EV2A-x2339_A_246_v1,A71EV2A-x2339,ASAP-0030497-001,Cn1nc(C(=O)NC2CC2)c2cc(F)ccc21,A71EV2A-x0526/A/133/A_v1,True,1a - A71EV2A-x0526/A/147,1 - A71EV2A-x0526/A/147/1,F1g - A71EV2A-x0853/A/147/1,A1 - monomer,F1 - A71/2A/open,1a - A0526/A/147,1 - A0526/A/147/1,F1g - A0853/A/147,A1 - monomer,F1 - A71/2A/open,1a - A0526/A/147,1 - Active Site,F1g - A0853/A/147,A1 - monomer,F1 - A71/2A/open,A2339a,True,False,False,True,False,False,False,True,False,False,False,True,False,False
A2351a,A71EV2A-x2351_A_246_v1,A71EV2A-x2351,ASAP-0030611-001,Cn1nc(C(N)=O)c2cc(F)ccc21,A71EV2A-x0526/A/133/A_v1,True,1a - A71EV2A-x0526/A/147,1 - A71EV2A-x0526/A/147/1,F1g - A71EV2A-x0853/A/147/1,A1 - monomer,F1 - A71/2A/open,1a - A0526/A/147,1 - A0526/A/147/1,F1g - A0853/A/147,A1 - monomer,F1 - A71/2A/open,1a - A0526/A/147,1 - Active Site,F1g - A0853/A/147,A1 - monomer,F1 - A71/2A/open,A2351a,True,False,False,True,False,False,False,False,False,False,False,True,False,False
A2448a,A71EV2A-x2448_A_246_v1,A71EV2A-x2448,ASAP-0018764-002,CN(C)S(=O)(=O)c1cccnc1,A71EV2A-x0541/A/97/A_v1,True,3a - A71EV2A-x0541/A/147,3 - A71EV2A-x0541/A/147/1,F1o - A71EV2A-x0541/A/147/1,A1 - monomer,F1 - A71/2A/open,3a - A0541/A/147,3 - A0541/A/147/1,F1o - A0541/A/147,A1 - monomer,F1 - A71/2A/open,3a - A0541/A/147,3 - His97,F1o - A0541/A/147,A1 - monomer,F1 - A71/2A/open,A2448a,True,False,False,False,False,False,False,False,False,False,False,False,False,False
A2454a,A71EV2A-x2454_A_246_v1,A71EV2A-x2454,ASAP-0019110-002,CC(=O)Nc1cccc(NC(N)=O)c1,A71EV2A-x0526/A/133/A_v1,True,1a - A71EV2A-x0526/A/147,1 - A71EV2A-x0526/A/147/1,F1g - A71EV2A-x0853/A/147/1,A1 - monomer,F1 - A71/2A/open,1a - A0526/A/147,1 - A0526/A/147/1,F1g - A0853/A/147,A1 - monomer,F1 - A71/2A/open,1a - A0526/A/147,1 - Active Site,F1g - A0853/A/147,A1 - monomer,F1 - A71/2A/open,A2454a,True,False,False,True,False,True,True,False,False,False,False,False,False,False
A2458a,A71EV2A-x2458_A_246_v1,A71EV2A-x2458,ASAP-0018402-002,CNS(=O)(=O)c1ccccc1Cl,A71EV2A-x0541/A/97/A_v1,True,3a - A71EV2A-x0541/A/147,3 - A71EV2A-x0541/A/147/1,F1o - A71EV2A-x0541/A/147/1,A1 - monomer,F1 - A71/2A/open,3a - A0541/A/147,3 - A0541/A/147/1,F1o - A0541/A/147,A1 - monomer,F1 - A71/2A/open,3a - A0541/A/147,3 - His97,F1o - A0541/A/147,A1 - monomer,F1 - A71/2A/open,A2458a,True,False,False,False,False,False,False,False,False,False,False,False,False,False
A2513a,A71EV2A-x2513_A_301_v1,A71EV2A-x2513,ASAP-0030968-001,COc1ccc(Cl)c2c1C(=O)C(=O)N2,A71EV2A-x0526/A/133/A_v1,True,1a - A71EV2A-x0526/A/147,1 - A71EV2A-x0526/A/147/1,F1g - A71EV2A-x0853/A/147/1,A1 - monomer,F1 - A71/2A/open,1a - A0526/A/147,1 - A0526/A/147/1,F1g - A0853/A/147,A1 - monomer,F1 - A71/2A/open,1a - A0526/A/147,1 - Active Site,F1g - A0853/A/147,A1 - monomer,F1 - A71/2A/open,A2513a,True,False,False,True,False,True,True,False,False,False,False,False,False,False
A2629a,A71EV2A-x2629_A_246_v1,A71EV2A-x2629,ASAP-0030531-001,COc1ccccc1NC(=O)Nc1cccnc1,A71EV2A-x0526/A/133/A_v1,True,1a - A71EV2A-x0526/A/147,1 - A71EV2A-x0526/A/147/1,F1g - A71EV2A-x0853/A/147/1,A1 - monomer,F1 - A71/2A/open,1a - A0526/A/147,1 - A0526/A/147/1,F1g - A0853/A/147,A1 - monomer,F1 - A71/2A/open,1a - A0526/A/147,1 - Active Site,F1g - A0853/A/147,A1 - monomer,F1 - A71/2A/open,A2629a,True,False,False,True,False,False,False,True,False,False,False,False,False,False
A2846a,A71EV2A-x2846_A_301_v1,A71EV2A-x2846,ASAP-0031281-001,Cn1nc(C(=O)NCCc2cocn2)c2ccccc21,A71EV2A-x0526/A/133/A_v1,True,1a - A71EV2A-x0526/A/147,1 - A71EV2A-x0526/A/147/1,F1g - A71EV2A-x0853/A/147/1,A1 - monomer,F1 - A71/2A/open,1a - A0526/A/147,1 - A0526/A/147/1,F1g - A0853/A/147,A1 - monomer,F1 - A71/2A/open,1a - A0526/A/147,1 - Active Site,F1g - A0853/A/147,A1 - monomer,F1 - A71/2A/open,A2846a,True,False,False,True,False,False,False,True,False,False,False,True,False,False
A2972a,A71EV2A-x2972_A_201_v1,A71EV2A-x2972,ASAP-0031631-001,Cn1nc(C(=O)NCc2c[nH]cn2)c2ccccc21,A71EV2A-x0526/A/133/A_v1,True,1a - A71EV2A-x0526/A/147,1 - A71EV2A-x0526/A/147/1,F1g - A71EV2A-x0853/A/147/1,A1 - monomer,F1 - A71/2A/open,1a - A0526/A/147,1 - A0526/A/147/1,F1g - A0853/A/147,A1 - monomer,F1 - A71/2A/open,1a - A0526/A/147,1 - Active Site,F1g - A0853/A/147,A1 - monomer,F1 - A71/2A/open,A2972a,True,False,False,True,False,False,False,True,False,False,False,True,False,False
A3054a,A71EV2A-x3054_A_201_v1,A71EV2A-x3054,ASAP-0031501-001,Cc1cccc(NC(=O)N2CCC[C@H](C(N)=O)C2)c1,A71EV2A-x0526/A/133/A_v1,True,1a - A71EV2A-x0526/A/147,1 - A71EV2A-x0526/A/147/1,F2b - A71EV2A-x0450/A/201/1,A1 - monomer,F2 - A71/2A/open/small/cell,1a - A0526/A/147,1 - A0526/A/147/1,F2b - A0450/A/201,A1 - monomer,F2 - A71/2A/open/small/cell,1a - A0526/A/147,1 - Active Site,F2b - A0450/A/201,A1 - monomer,F2 - A71/2A/open/small/cell,A3054a,True,False,False,True,False,False,False,True,False,False,False,False,True,False
A3066a,A71EV2A-x3066_A_301_v1,A71EV2A-x3066,ASAP-0018935-002,CNC(=O)c1cn(C)c2ccccc12,A71EV2A-x0526/A/133/A_v1,True,1a - A71EV2A-x0526/A/147,1 - A71EV2A-x0526/A/147/1,F1g - A71EV2A-x0853/A/147/1,A1 - monomer,F1 - A71/2A/open,1a - A0526/A/147,1 - A0526/A/147/1,F1g - A0853/A/147,A1 - monomer,F1 - A71/2A/open,1a - A0526/A/147,1 - Active Site,F1g - A0853/A/147,A1 - monomer,F1 - A71/2A/open,A3066a,True,False,False,True,False,False,False,True,False,False,False,False,True,False
A3175a,A71EV2A-x3175_A_201_v1,A71EV2A-x3175,ASAP-0031591-001,Cc1cc(CNC(=O)c2cn(C)c3ccccc23)on1,A71EV2A-x0526/A/133/A_v1,True,1a - A71EV2A-x0526/A/147,1 - A71EV2A-x0526/A/147/1,F5h - A71EV2A-x3175/A/201/1,A1 - monomer,F5 - A71EV2A/x3178/new/long/dials/041024,1a - A0526/A/147,1 - A0526/A/147/1,F5h - A3175/A/201,A1 - monomer,F5 - A71EV2A/x3178/new/long/dials/041024,1a - A0526/A/147,1 - Active Site,F5h - A3175/A/201,A1 - monomer,F5 - A71EV2A/x3178/new/long/dials/041024,A3175a,True,False,False,True,False,False,False,False,False,False,False,True,False,False
A3176a,A71EV2A-x3176_A_201_v1,A71EV2A-x3176,ASAP-0031604-001,COC[C@H](C)NC(=O)c1nn(C)c2ccccc12,A71EV2A-x0526/A/133/A_v1,True,1a - A71EV2A-x0526/A/147,1 - A71EV2A-x0526/A/147/1,F5h - A71EV2A-x3175/A/201/1,A1 - monomer,F5 - A71EV2A/x3178/new/long/dials/041024,1a - A0526/A/147,1 - A0526/A/147/1,F5h - A3175/A/201,A1 - monomer,F5 - A71EV2A/x3178/new/long/dials/041024,1a - A0526/A/147,1 - Active Site,F5h - A3175/A/201,A1 - monomer,F5 - A71EV2A/x3178/new/long/dials/041024,A3176a,True,False,False,True,False,False,False,True,False,False,False,True,False,False
A3177a,A71EV2A-x3177_A_201_v1,A71EV2A-x3177,ASAP-0031536-001,Cn1nc(C(=O)N[C@H]2C[C@H]2CO)c2ccccc21,A71EV2A-x0526/A/133/A_v1,True,1a - A71EV2A-x0526/A/147,1 - A71EV2A-x0526/A/147/1,F5h - A71EV2A-x3175/A/201/1,A1 - monomer,F5 - A71EV2A/x3178/new/long/dials/041024,1a - A0526/A/147,1 - A0526/A/147/1,F5h - A3175/A/201,A1 - monomer,F5 - A71EV2A/x3178/new/long/dials/041024,1a - A0526/A/147,1 - Active Site,F5h - A3175/A/201,A1 - monomer,F5 - A71EV2A/x3178/new/long/dials/041024,A3177a,True,False,False,True,False,False,False,True,False,False,False,True,False,False
A3178a,A71EV2A-x3178_A_201_v1,A71EV2A-x3178,ASAP-0031668-001,Cn1nc(C(=O)N[C@H]2CCOC2)c2ccccc21,A71EV2A-x0526/A/133/A_v1,True,1a - A71EV2A-x0526/A/147,1 - A71EV2A-x0526/A/147/1,F5h - A71EV2A-x3175/A/201/1,A1 - monomer,F5 - A71EV2A/x3178/new/long/dials/041024,1a - A0526/A/147,1 - A0526/A/147/1,F5h - A3175/A/201,A1 - monomer,F5 - A71EV2A/x3178/new/long/dials/041024,1a - A0526/A/147,1 - Active Site,F5h - A3175/A/201,A1 - monomer,F5 - A71EV2A/x3178/new/long/dials/041024,A3178a,True,False,False,True,False,False,False,True,False,False,False,True,False,False
A3181b,A71EV2A-x3181_A_202_v1,A71EV2A-x3181,ASAP-0031733-001,Cn1nc(C(=O)NCCn2cncn2)c2ccccc21,A71EV2A-x3181/A/20/A_v1,True,4a - A71EV2A-x3181/A/202,4 - A71EV2A-x3181/A/202/1,F1r - A71EV2A-x3181/A/202/1,A1 - monomer,F1 - A71/2A/open,4a - A3181/A/202,4 - A3181/A/202/1,F1r - A3181/A/202,A1 - monomer,F1 - A71/2A/open,4a - A3181/A/202,4 - His25,F1r - A3181/A/202,A1 - monomer,F1 - A71/2A/open,A3181b,True,False,False,False,False,False,False,False,False,False,False,False,False,False
A3181a,A71EV2A-x3181_A_201_v1,A71EV2A-x3181,ASAP-0031733-001,Cn1nc(C(=O)NCCn2cncn2)c2ccccc21,A71EV2A-x0526/A/133/A_v1,True,1a - A71EV2A-x0526/A/147,1 - A71EV2A-x0526/A/147/1,F1g - A71EV2A-x0853/A/147/1,A1 - monomer,F1 - A71/2A/open,1a - A0526/A/147,1 - A0526/A/147/1,F1g - A0853/A/147,A1 - monomer,F1 - A71/2A/open,1a - A0526/A/147,1 - Active Site,F1g - A0853/A/147,A1 - monomer,F1 - A71/2A/open,A3181a,True,False,False,True,False,False,False,True,False,False,False,True,False,False
A3186a,A71EV2A-x3186_A_245_v1,A71EV2A-x3186,ASAP-0031746-001,COc1ccccc1CC(=O)N1CCC[C@H](C(N)=O)C1,A71EV2A-x0526/A/133/A_v1,True,1a - A71EV2A-x0526/A/147,1 - A71EV2A-x0526/A/147/1,F2b - A71EV2A-x0450/A/201/1,A1 - monomer,F2 - A71/2A/open/small/cell,1a - A0526/A/147,1 - A0526/A/147/1,F2b - A0450/A/201,A1 - monomer,F2 - A71/2A/open/small/cell,1a - A0526/A/147,1 - Active Site,F2b - A0450/A/201,A1 - monomer,F2 - A71/2A/open/small/cell,A3186a,True,False,False,False,False,False,False,False,False,False,False,False,False,False
A3189a,A71EV2A-x3189_A_201_v1,A71EV2A-x3189,ASAP-0031853-001,Cn1cc2c(CC(=O)N3CCC[C@H](C(N)=O)C3)cccc2n1,A71EV2A-x0526/A/133/A_v1,True,1a - A71EV2A-x0526/A/147,1 - A71EV2A-x0526/A/147/1,F4f - A71EV2A-x0836/A/301/1,A1 - monomer,F4 - A71/2A/new/model/x2721/4.1/ref3,1a - A0526/A/147,1 - A0526/A/147/1,F4f - A0836/A/301,A1 - monomer,F4 - A71/2A/new/model/x2721/4.1/ref3,1a - A0526/A/147,1 - Active Site,F4f - A0836/A/301,A1 - monomer,F4 - A71/2A/new/model/x2721/4.1/ref3,A3189a,True,False,False,False,False,False,False,False,False,False,False,False,False,False
A3191a,A71EV2A-x3191_A_201_v1,A71EV2A-x3191,ASAP-0031848-001,NC(=O)[C@H]1CCCN(C(=O)Cc2cccc3occc23)C1,A71EV2A-x0526/A/133/A_v1,True,1a - A71EV2A-x0526/A/147,1 - A71EV2A-x0526/A/147/1,F2b - A71EV2A-x0450/A/201/1,A1 - monomer,F2 - A71/2A/open/small/cell,1a - A0526/A/147,1 - A0526/A/147/1,F2b - A0450/A/201,A1 - monomer,F2 - A71/2A/open/small/cell,1a - A0526/A/147,1 - Active Site,F2b - A0450/A/201,A1 - monomer,F2 - A71/2A/open/small/cell,A3191a,True,False,False,False,False,False,False,False,False,False,False,False,False,False
A3193a,A71EV2A-x3193_A_201_v1,A71EV2A-x3193,ASAP-0031754-001,NC(=O)[C@H]1CCCN(C(=O)Cc2ccnc(Cl)c2Br)C1,A71EV2A-x0526/A/133/A_v1,True,1a - A71EV2A-x0526/A/147,1 - A71EV2A-x0526/A/147/1,F2b - A71EV2A-x0450/A/201/1,A1 - monomer,F2 - A71/2A/open/small/cell,1a - A0526/A/147,1 - A0526/A/147/1,F2b - A0450/A/201,A1 - monomer,F2 - A71/2A/open/small/cell,1a - A0526/A/147,1 - Active Site,F2b - A0450/A/201,A1 - monomer,F2 - A71/2A/open/small/cell,A3193a,True,False,False,False,False,False,False,False,False,False,False,False,False,False
A3194a,A71EV2A-x3194_A_201_v1,A71EV2A-x3194,ASAP-0031813-001,Cc1cc(CC(=O)N2CCC[C@H](C(N)=O)C2)ccn1,A71EV2A-x0526/A/133/A_v1,True,1a - A71EV2A-x0526/A/147,1 - A71EV2A-x0526/A/147/1,F4f - A71EV2A-x0836/A/301/1,A1 - monomer,F4 - A71/2A/new/model/x2721/4.1/ref3,1a - A0526/A/147,1 - A0526/A/147/1,F4f - A0836/A/301,A1 - monomer,F4 - A71/2A/new/model/x2721/4.1/ref3,1a - A0526/A/147,1 - Active Site,F4f - A0836/A/301,A1 - monomer,F4 - A71/2A/new/model/x2721/4.1/ref3,A3194a,True,False,False,False,False,False,False,False,False,False,False,False,False,False
A3207a,A71EV2A-x3207_A_201_v1,A71EV2A-x3207,ASAP-0031919-001,NC(=O)[C@H]1CCCN(C(=O)Cc2ccnc(N)c2)C1,A71EV2A-x0526/A/133/A_v1,True,1a - A71EV2A-x0526/A/147,1 - A71EV2A-x0526/A/147/1,F4f - A71EV2A-x0836/A/301/1,A1 - monomer,F4 - A71/2A/new/model/x2721/4.1/ref3,1a - A0526/A/147,1 - A0526/A/147/1,F4f - A0836/A/301,A1 - monomer,F4 - A71/2A/new/model/x2721/4.1/ref3,1a - A0526/A/147,1 - Active Site,F4f - A0836/A/301,A1 - monomer,F4 - A71/2A/new/model/x2721/4.1/ref3,A3207a,True,False,False,False,False,False,False,False,False,False,False,False,False,False
A3208a,A71EV2A-x3208_A_201_v1,A71EV2A-x3208,ASAP-0031936-001,NC(=O)[C@H]1CCCN(C(=O)Cc2cc(C(F)(F)F)ccc2Cl)C1,A71EV2A-x0526/A/133/A_v1,True,1a - A71EV2A-x0526/A/147,1 - A71EV2A-x0526/A/147/1,F5h - A71EV2A-x3175/A/201/1,A1 - monomer,F5 - A71EV2A/x3178/new/long/dials/041024,1a - A0526/A/147,1 - A0526/A/147/1,F5h - A3175/A/201,A1 - monomer,F5 - A71EV2A/x3178/new/long/dials/041024,1a - A0526/A/147,1 - Active Site,F5h - A3175/A/201,A1 - monomer,F5 - A71EV2A/x3178/new/long/dials/041024,A3208a,True,False,False,False,False,False,False,False,False,False,False,False,False,False
A3210a,A71EV2A-x3210_A_201_v1,A71EV2A-x3210,ASAP-0031959-001,NC(=O)[C@H]1CCCN(C(=O)Cc2cccc3cn[nH]c23)C1,A71EV2A-x0526/A/133/A_v1,True,1a - A71EV2A-x0526/A/147,1 - A71EV2A-x0526/A/147/1,F2b - A71EV2A-x0450/A/201/1,A1 - monomer,F2 - A71/2A/open/small/cell,1a - A0526/A/147,1 - A0526/A/147/1,F2b - A0450/A/201,A1 - monomer,F2 - A71/2A/open/small/cell,1a - A0526/A/147,1 - Active Site,F2b - A0450/A/201,A1 - monomer,F2 - A71/2A/open/small/cell,A3210a,True,False,False,False,False,False,False,False,False,False,False,False,False,False
A3218a,A71EV2A-x3218_A_201_v1,A71EV2A-x3218,ASAP-0031953-001,NC(=O)[C@H]1CCCN(C(=O)[C@@H]2CCNc3[nH]ncc32)C1,A71EV2A-x0526/A/133/A_v1,True,1a - A71EV2A-x0526/A/147,1 - A71EV2A-x0526/A/147/1,F4f - A71EV2A-x0836/A/301/1,A1 - monomer,F4 - A71/2A/new/model/x2721/4.1/ref3,1a - A0526/A/147,1 - A0526/A/147/1,F4f - A0836/A/301,A1 - monomer,F4 - A71/2A/new/model/x2721/4.1/ref3,1a - A0526/A/147,1 - Active Site,F4f - A0836/A/301,A1 - monomer,F4 - A71/2A/new/model/x2721/4.1/ref3,A3218a,True,False,False,False,False,False,False,False,False,False,False,False,False,False
A3221a,A71EV2A-x3221_A_201_v1,A71EV2A-x3221,ASAP-0031958-001,Cc1nc(C)c(CC(=O)N2CCC[C@H](C(N)=O)C2)[nH]1,A71EV2A-x0526/A/133/A_v1,True,1a - A71EV2A-x0526/A/147,1 - A71EV2A-x0526/A/147/1,F4f - A71EV2A-x0836/A/301/1,A1 - monomer,F4 - A71/2A/new/model/x2721/4.1/ref3,1a - A0526/A/147,1 - A0526/A/147/1,F4f - A0836/A/301,A1 - monomer,F4 - A71/2A/new/model/x2721/4.1/ref3,1a - A0526/A/147,1 - Active Site,F4f - A0836/A/301,A1 - monomer,F4 - A71/2A/new/model/x2721/4.1/ref3,A3221a,True,False,False,False,False,False,False,False,False,False,False,False,False,False
A3222a,A71EV2A-x3222_A_201_v1,A71EV2A-x3222,ASAP-0031943-001,NC(=O)[C@H]1CCCN(C(=O)c2[nH]ncc2Br)C1,A71EV2A-x0526/A/133/A_v1,True,1a - A71EV2A-x0526/A/147,1 - A71EV2A-x0526/A/147/1,F3i - A71EV2A-x3222/A/201/1,A1 - monomer,F3 - A71/2A/open/long/cell,1a - A0526/A/147,1 - A0526/A/147/1,F3i - A3222/A/201,A1 - monomer,F3 - A71/2A/open/long/cell,1a - A0526/A/147,1 - Active Site,F3i - A3222/A/201,A1 - monomer,F3 - A71/2A/open/long/cell,A3222a,True,False,False,False,False,False,False,False,False,False,False,False,False,False
A3223a,A71EV2A-x3223_A_301_v1,A71EV2A-x3223,ASAP-0031972-001,NC(=O)[C@H]1CCCN(C(=O)c2ccnc3[nH]ncc23)C1,A71EV2A-x0526/A/133/A_v1,True,1a - A71EV2A-x0526/A/147,1 - A71EV2A-x0526/A/147/1,F5h - A71EV2A-x3175/A/201/1,A1 - monomer,F5 - A71EV2A/x3178/new/long/dials/041024,1a - A0526/A/147,1 - A0526/A/147/1,F5h - A3175/A/201,A1 - monomer,F5 - A71EV2A/x3178/new/long/dials/041024,1a - A0526/A/147,1 - Active Site,F5h - A3175/A/201,A1 - monomer,F5 - A71EV2A/x3178/new/long/dials/041024,A3223a,True,False,False,False,False,False,False,False,False,False,False,False,False,False
A3225a,A71EV2A-x3225_A_201_v1,A71EV2A-x3225,ASAP-0031970-001,Cc1nc2ccccc2n1CC(=O)N1CCC[C@H](C(N)=O)C1,A71EV2A-x0526/A/133/A_v1,True,1a - A71EV2A-x0526/A/147,1 - A71EV2A-x0526/A/147/1,F4f - A71EV2A-x0836/A/301/1,A1 - monomer,F4 - A71/2A/new/model/x2721/4.1/ref3,1a - A0526/A/147,1 - A0526/A/147/1,F4f - A0836/A/301,A1 - monomer,F4 - A71/2A/new/model/x2721/4.1/ref3,1a - A0526/A/147,1 - Active Site,F4f - A0836/A/301,A1 - monomer,F4 - A71/2A/new/model/x2721/4.1/ref3,A3225a,True,False,False,False,False,False,False,False,False,False,False,False,False,False
A3229a,A71EV2A-x3229_A_201_v1,A71EV2A-x3229,ASAP-0031947-001,COc1ccncc1CC(=O)N1CCC[C@H](C(N)=O)C1,A71EV2A-x0526/A/133/A_v1,True,1a - A71EV2A-x0526/A/147,1 - A71EV2A-x0526/A/147/1,F4f - A71EV2A-x0836/A/301/1,A1 - monomer,F4 - A71/2A/new/model/x2721/4.1/ref3,1a - A0526/A/147,1 - A0526/A/147/1,F4f - A0836/A/301,A1 - monomer,F4 - A71/2A/new/model/x2721/4.1/ref3,1a - A0526/A/147,1 - Active Site,F4f - A0836/A/301,A1 - monomer,F4 - A71/2A/new/model/x2721/4.1/ref3,A3229a,True,False,False,False,False,False,False,False,False,False,False,False,False,False
A3234a,A71EV2A-x3234_A_246_v1,A71EV2A-x3234,ASAP-0032043-001,Cc1cc(C)c(Nc2ccn(C3COC3)n2)c(C)c1,A71EV2A-x0526/A/133/A_v1,True,1a - A71EV2A-x0526/A/147,1 - A71EV2A-x0526/A/147/1,F3i - A71EV2A-x3222/A/201/1,A1 - monomer,F3 - A71/2A/open/long/cell,1a - A0526/A/147,1 - A0526/A/147/1,F3i - A3222/A/201,A1 - monomer,F3 - A71/2A/open/long/cell,1a - A0526/A/147,1 - Active Site,F3i - A3222/A/201,A1 - monomer,F3 - A71/2A/open/long/cell,A3234a,True,False,False,False,False,False,False,False,False,False,False,False,False,False
A3264a,A71EV2A-x3264_A_201_v1,A71EV2A-x3264,ASAP-0032050-001,Cn1nc(C(=O)NCCc2cocn2)c2cccnc21,A71EV2A-x0526/A/133/A_v1,True,1a - A71EV2A-x0526/A/147,1 - A71EV2A-x0526/A/147/1,F1g - A71EV2A-x0853/A/147/1,A1 - monomer,F1 - A71/2A/open,1a - A0526/A/147,1 - A0526/A/147/1,F1g - A0853/A/147,A1 - monomer,F1 - A71/2A/open,1a - A0526/A/147,1 - Active Site,F1g - A0853/A/147,A1 - monomer,F1 - A71/2A/open,A3264a,True,False,False,False,False,False,False,False,False,False,False,False,False,False
A3279a,A71EV2A-x3279_A_201_v1,A71EV2A-x3279,ASAP-0032059-001,Cc1cc(C)c(Nc2ccn(C)n2)c(C)c1,A71EV2A-x0526/A/133/A_v1,True,1a - A71EV2A-x0526/A/147,1 - A71EV2A-x0526/A/147/1,F3i - A71EV2A-x3222/A/201/1,A1 - monomer,F3 - A71/2A/open/long/cell,1a - A0526/A/147,1 - A0526/A/147/1,F3i - A3222/A/201,A1 - monomer,F3 - A71/2A/open/long/cell,1a - A0526/A/147,1 - Active Site,F3i - A3222/A/201,A1 - monomer,F3 - A71/2A/open/long/cell,A3279a,True,False,False,False,False,False,False,False,False,False,False,False,False,False
A3280a,A71EV2A-x3280_A_246_v1,A71EV2A-x3280,ASAP-0032058-001,Cn1nc(C(=O)NCC(F)(F)c2ccccn2)c2ccccc21,A71EV2A-x0526/A/133/A_v1,True,1a - A71EV2A-x0526/A/147,1 - A71EV2A-x0526/A/147/1,F3i - A71EV2A-x3222/A/201/1,A1 - monomer,F3 - A71/2A/open/long/cell,1a - A0526/A/147,1 - A0526/A/147/1,F3i - A3222/A/201,A1 - monomer,F3 - A71/2A/open/long/cell,1a - A0526/A/147,1 - Active Site,F3i - A3222/A/201,A1 - monomer,F3 - A71/2A/open/long/cell,A3280a,True,False,False,False,False,False,False,False,False,False,False,False,False,False
A3286a,A71EV2A-x3286_A_201_v1,A71EV2A-x3286,ASAP-0032009-001,Cc1ocnc1CCNC(=O)c1nn(C)c2ccccc12,A71EV2A-x0526/A/133/A_v1,True,1a - A71EV2A-x0526/A/147,1 - A71EV2A-x0526/A/147/1,F4f - A71EV2A-x0836/A/301/1,A1 - monomer,F4 - A71/2A/new/model/x2721/4.1/ref3,1a - A0526/A/147,1 - A0526/A/147/1,F4f - A0836/A/301,A1 - monomer,F4 - A71/2A/new/model/x2721/4.1/ref3,1a - A0526/A/147,1 - Active Site,F4f - A0836/A/301,A1 - monomer,F4 - A71/2A/new/model/x2721/4.1/ref3,A3286a,True,False,False,False,False,False,False,False,False,False,False,False,False,False
A3305a,A71EV2A-x3305_A_201_v1,A71EV2A-x3305,ASAP-0032103-001,Cc1ccc2c(cnn2C)c1Nc1ccn([C@H]2CCNC2=O)n1,A71EV2A-x0526/A/133/A_v1,True,1a - A71EV2A-x0526/A/147,1 - A71EV2A-x0526/A/147/1,F1g - A71EV2A-x0853/A/147/1,A1 - monomer,F1 - A71/2A/open,1a - A0526/A/147,1 - A0526/A/147/1,F1g - A0853/A/147,A1 - monomer,F1 - A71/2A/open,1a - A0526/A/147,1 - Active Site,F1g - A0853/A/147,A1 - monomer,F1 - A71/2A/open,A3305a,True,False,False,False,False,False,False,False,False,False,False,False,False,False
A3306a,A71EV2A-x3306_A_201_v1,A71EV2A-x3306,ASAP-0032003-001,Cn1nc(C(=O)NCCc2cscn2)c2ccccc21,A71EV2A-x0526/A/133/A_v1,True,1a - A71EV2A-x0526/A/147,1 - A71EV2A-x0526/A/147/1,F4f - A71EV2A-x0836/A/301/1,A1 - monomer,F4 - A71/2A/new/model/x2721/4.1/ref3,1a - A0526/A/147,1 - A0526/A/147/1,F4f - A0836/A/301,A1 - monomer,F4 - A71/2A/new/model/x2721/4.1/ref3,1a - A0526/A/147,1 - Active Site,F4f - A0836/A/301,A1 - monomer,F4 - A71/2A/new/model/x2721/4.1/ref3,A3306a,True,False,False,False,False,False,False,False,False,False,False,False,False,False
A3324a,A71EV2A-x3324_A_201_v1,A71EV2A-x3324,ASAP-0032125-001,Cn1nc(C(=O)NCCc2ccc(S(C)(=O)=O)cc2)c2ccccc21,A71EV2A-x0526/A/133/A_v1,True,1a - A71EV2A-x0526/A/147,1 - A71EV2A-x0526/A/147/1,F1g - A71EV2A-x0853/A/147/1,A1 - monomer,F1 - A71/2A/open,1a - A0526/A/147,1 - A0526/A/147/1,F1g - A0853/A/147,A1 - monomer,F1 - A71/2A/open,1a - A0526/A/147,1 - Active Site,F1g - A0853/A/147,A1 - monomer,F1 - A71/2A/open,A3324a,True,False,False,False,False,False,False,False,False,False,False,False,False,False
